KB국민은행ATM 양재역종합금융센터점,서울 강남구 강남대로 262
KB국민은행ATM 역삼서점,서울 강남구 강남대로 318
KB국민은행ATM 역삼동종합금융센터점,서울 강남구 강남대로 354
KB국민은행ATM 강남타운점,서울 강남구 강남대로 388
KB국민은행ATM 개포남점,서울 강남구 개포로 224
KB국민은행ATM 수서경찰서,서울 강남구 개포로 617
KB국민은행ATM 대청역점,서울 강남구 개포로 623
KB국민은행ATM 수서역점,서울 강남구 광평로 280
KB국민은행ATM 로즈데일관리단(B2층),서울 강남구 광평로 280
KB국민은행ATM 수서삼성 365자동화점,서울 강남구 광평로31길 27
KB국민은행ATM 여천빌딩,서울 강남구 남부순환로 2909
KB국민은행ATM 매봉역점,서울 강남구 남부순환로378길 10
KB국민은행ATM 역삼역점,서울 강남구 논현로 531
KB국민은행ATM 학동역점,서울 강남구 논현로 667
KB국민은행ATM 압구정서종합금융센터점,서울 강남구 논현로 833
KB국민은행ATM 대한성서공회빌딩,서울 강남구 논현로85길 28
KB국민은행ATM 한티역점,서울 강남구 도곡로 408
KB국민은행ATM 베스티안 서울병원,서울 강남구 도곡로 429
KB국민은행ATM 대치남출장소점,서울 강남구 도곡로 519
KB국민은행ATM 신사중앙점,서울 강남구 도산대로 145
KB국민은행ATM 청담동점,서울 강남구 도산대로 524
KB국민은행ATM 해안종합건축사사무소,서울 강남구 봉은사로 208
KB국민은행ATM 무역센터종합금융센터점,서울 강남구 봉은사로 524
KB국민은행ATM 대치동종합금융센터점,서울 강남구 삼성로 212
KB국민은행ATM 개포동점,서울 강남구 삼성로 36
KB국민은행ATM 대치북점,서울 강남구 삼성로 406
KB국민은행ATM 청담역점,서울 강남구 삼성로 706
KB국민은행ATM 도곡렉슬점,서울 강남구 선릉로 225
KB국민은행ATM 영동점,서울 강남구 선릉로 601
KB국민은행ATM 학동사거리점,서울 강남구 선릉로 801
KB국민은행ATM LH공사 서울지역본부,서울 강남구 선릉로121길 12
KB국민은행ATM 압구정현대365자동화점,서울 강남구 압구정로 151
KB국민은행ATM 압구정역점,서울 강남구 압구정로 160
KB국민은행ATM 압구정중앙점,서울 강남구 압구정로 222
KB국민은행ATM 압구정동점,서울 강남구 압구정로 320
KB국민은행ATM 도곡점,서울 강남구 언주로 118
KB국민은행ATM 매봉점,서울 강남구 언주로 325
KB국민은행ATM 테헤란중앙점,서울 강남구 언주로 508
KB국민은행ATM 논현동점,서울 강남구 언주로 603
KB국민은행ATM 언주로종합금융센터점,서울 강남구 언주로 706
KB국민은행ATM 학동점,서울 강남구 언주로 735
KB국민은행ATM 역삼중앙점,서울 강남구 역삼로 175
KB국민은행ATM 해암빌딩1층 로비,서울 강남구 역삼로98길 23
KB국민은행ATM 그랜드코리아레저 강남점,서울 강남구 영동대로 513
KB국민은행ATM 그랜드코리아레저B1,서울 강남구 영동대로 513
KB국민은행ATM 봉은사역 365자동화점,서울 강남구 영동대로 602
KB국민은행ATM 일원역365자동화점,서울 강남구 일원로 49
KB국민은행ATM 일원역점,서울 강남구 일원로 95
KB국민은행ATM 래미안강남힐즈 365자동화점,서울 강남구 자곡로 101
KB국민은행ATM LIG손해보험,서울 강남구 테헤란로 117
KB국민은행ATM 강남역종합금융센터점,서울 강남구 테헤란로 127
KB국민은행ATM 스타타워365자동화,서울 강남구 테헤란로 152
KB국민은행ATM 동역삼점,서울 강남구 테헤란로 223
KB국민은행ATM 테헤란로점,서울 강남구 테헤란로 321
KB국민은행ATM 선릉역종합금융센터점,서울 강남구 테헤란로 412
KB국민은행ATM 삼성동점,서울 강남구 테헤란로 503
KB국민은행ATM 현대백화점 무역센터점8층,서울 강남구 테헤란로 517
KB국민은행ATM 현대백화점 무역센터점10층,서울 강남구 테헤란로 517
KB국민은행ATM 삼성역점,서울 강남구 테헤란로 518
KB국민은행ATM 인디에프,서울 강남구 테헤란로104길 21
KB국민은행ATM 한국도심공항,서울 강남구 테헤란로87길 36 지하1층
KB국민은행ATM 논현역종합금융센터점,서울 강남구 학동로 107
KB국민은행ATM 포바강남타워,서울 강남구 학동로 343
KB국민은행ATM 고덕역점,서울 강동구 고덕로 254
KB국민은행ATM 이마트명일점,서울 강동구 고덕로 276
KB국민은행ATM 천호동점,서울 강동구 구천면로 200
KB국민은행ATM 암사동365자동화점,서울 강동구 상암로11길 29
KB국민은행ATM 강동구청역점,서울 강동구 성내로 12
KB국민은행ATM 미사강변점,서울 강동구 아리수로 421
KB국민은행ATM 강동롯데캐슬자동화점,서울 강동구 암사동 414-2
KB국민은행ATM 둔촌역점,서울 강동구 양재대로 1313
KB국민은행ATM 길동종합금융센터점,서울 강동구 양재대로 1443
KB국민은행ATM 굽은다리역점,서울 강동구 양재대로 1553
KB국민은행ATM 명일역 365자동화점,서울 강동구 양재대로 1596
KB국민은행ATM 명일동점,서울 강동구 양재대로 1661
KB국민은행ATM 심전개발(성내동),서울 강동구 올림픽로 572 101동 101호
KB국민은행ATM 암사역점,서울 강동구 올림픽로 767
KB국민은행ATM 한국 보훈병원 신관,서울 강동구 진황도로61길 53
KB국민은행ATM 천호역점,서울 강동구 천호대로 1032
KB국민은행ATM 둔촌남점,서울 강동구 천호대로 1210
KB국민은행ATM 번동두산위브 365자동화점,서울 강북구 덕릉로 159
KB국민은행ATM 수유서365자동화점,서울 강북구 덕릉로 46
KB국민은행ATM 미아역점,서울 강북구 도봉로 167
KB국민은행ATM 수유동점,서울 강북구 도봉로 281
KB국민은행ATM 미아동점,서울 강북구 도봉로 34
KB국민은행ATM 강북종합금융센터점,서울 강북구 도봉로 391
KB국민은행ATM 성신여대 운정캠퍼스,서울 강북구 도봉로76가길 55
KB국민은행ATM 도선사,서울 강북구 삼양로173길 504
KB국민은행ATM SK북한산시티아파트,서울 강북구 솔샘로 174
KB국민은행 북한산시티지점,서울 강북구 솔샘로 184 SK 북한산시티 단지내 상가
KB국민은행ATM 북한산시티점,서울 강북구 솔샘로 184 북한산시티 단지내상가
KB국민은행ATM 우이동점(4.19사거리),서울 강북구 한천로 1173
KB국민은행ATM 번동점(5단지),서울 강북구 한천로115길 20
KB국민은행ATM 화곡역점,서울 강서구 강서로 177
KB국민은행ATM 미즈메디병원,서울 강서구 강서로 295
KB국민은행ATM 까치산역출장소점,서울 강서구 강서로 48
KB국민은행ATM 가양동대하빌딩365자동화점,서울 강서구 강서로 499
KB국민은행ATM 화곡동점,서울 강서구 곰달래로 133
KB국민은행ATM 강서송도병원 1층현관,서울 강서구 공항대로 315
KB국민은행ATM 화곡유통상가365자동화점,서울 강서구 국회대로7길 96
KB국민은행ATM 화곡본동점,서울 강서구 까치산로 59
KB국민은행ATM 포철버스터미널,서울 강서구 등촌동 5
KB국민은행ATM 엘지사이언스 파크,서울 강서구 마곡중앙10로 10
KB국민은행ATM 가양동점,서울 강서구 양천로 357 려산빌딩 2층
KB국민은행ATM 서서울자동차산업,서울 강서구 양천로 401
KB국민은행ATM 더블유케이 강서지점,서울 강서구 양천로 401
KB국민은행ATM 가양역점,서울 강서구 양천로 455
KB국민은행ATM 한화비즈메트로,서울 강서구 양천로 551-24
KB국민은행ATM 이마트가양점,서울 강서구 양천로 559 주차동 1층
KB국민은행ATM 서염창출장소점,서울 강서구 양천로 643
KB국민은행ATM 방화동점,서울 강서구 양천로 66
KB국민은행ATM 염창동 동아3차아파트 상가1층,서울 강서구 양천로 731
KB국민은행ATM 마곡점,서울 강서구 양천로30길 14
KB국민은행ATM 대한항공본사 5층,서울 강서구 외발산동 423
KB국민은행ATM 김포공항역,서울 강서구 하늘길 38
KB국민은행ATM 공항롯데몰,서울 강서구 하늘길 38
KB국민은행ATM 화곡푸르지오아파트점,서울 강서구 화곡동 1091
KB국민은행ATM 강서점,서울 강서구 화곡로 350
KB국민은행ATM 서울대입구역점,서울 관악구 관악로 168
KB국민은행ATM 서울대입구점,서울 관악구 관악로 172
KB국민은행ATM 봉천동점,서울 관악구 관악로 234
KB국민은행ATM 신사시장,서울 관악구 관천로19길 89
KB국민은행ATM 신림주공아파트,서울 관악구 광신길 210
KB국민은행ATM 난곡 365자동화점,서울 관악구 난곡로 202
KB국민은행ATM 신림서점,서울 관악구 난곡로 257
KB국민은행ATM 조원동점,서울 관악구 남부순환로 1375
KB국민은행ATM 봉천남점,서울 관악구 남부순환로 1722
KB국민은행ATM 봉천역점,서울 관악구 남부순환로 1734
KB국민은행ATM 낙성대역점,서울 관악구 남부순환로 1926
KB국민은행ATM 홈플러스 남현점,서울 관악구 남현동 산 69-51
KB국민은행ATM 보라매점,서울 관악구 보라매로3길 29
KB국민은행ATM 성현동 동아아파트,서울 관악구 봉천동 1703
KB국민은행ATM 관악드림타운,서울 관악구 성현로 80
KB국민은행ATM 신림남부점,서울 관악구 신림로 137
KB국민은행ATM 신림본동점,서울 관악구 신림로 318
KB국민은행ATM 관악점,서울 관악구 은천로 118
KB국민은행ATM 은천365자동화점,서울 관악구 은천로 48
KB국민은행ATM 신림9동점,서울 관악구 호암로24길 77
KB국민은행ATM 어린이대공원역출장소점,서울 광진구 광나루로 369
KB국민은행ATM 구의동점,서울 광진구 광나루로 525
KB국민은행ATM 테크노마트점,서울 광진구 광나루로56길 85
KB국민은행ATM 장로회신학대학2층(마펫관),서울 광진구 광장로5길 25-1
KB국민은행ATM 장로회신학대학1층주기철기념관(소양관),서울 광진구 광장로5길 25-1
KB국민은행ATM 건대입구점(민중병원앞),서울 광진구 능동로 137-1
KB국민은행ATM 세종대학교,서울 광진구 능동로 209
KB국민은행ATM 군자역점,서울 광진구 능동로 289
KB국민은행ATM 스타시티 365자동화점,서울 광진구 능동로 90 더클래식 500호
KB국민은행ATM 정도기업,서울 광진구 능동로13길 39
KB국민은행ATM 영동교365자동화점,서울 광진구 뚝섬로 462
KB국민은행ATM 신자양점,서울 광진구 뚝섬로 503
KB국민은행ATM 자양중앙점,서울 광진구 뚝섬로 558
KB국민은행ATM 자양동점,서울 광진구 뚝섬로 632
KB국민은행ATM 중곡서점,서울 광진구 면목로 119-1
KB국민은행ATM 건대역점,서울 광진구 아차산로 213
KB국민은행ATM 조양마트,서울 광진구 아차산로30길 39
KB국민은행ATM 중곡동점,서울 광진구 용마산로 63
KB국민은행ATM 광장동점,서울 광진구 천호대로 813
KB국민은행ATM 구로남점,서울 구로구 가마산로 263
KB국민은행ATM 개봉현대훼미리타운,서울 구로구 개봉동 481
KB국민은행ATM 개봉남점,서울 구로구 개봉로 10
KB국민은행ATM 오류동365자동화점,서울 구로구 경인로 176
KB국민은행ATM 서울한영대학교,서울 구로구 경인로 290-42
KB국민은행ATM 개봉동점,서울 구로구 경인로 314
KB국민은행ATM 한마을 아파트 상가,서울 구로구 경인로 382
KB국민은행ATM 구로성심병원 365자동화점,서울 구로구 경인로 427
KB국민은행 365코너 동양미래대학 본부,서울 구로구 경인로 445-8 신관 4층
KB국민은행ATM 구로동종합금융센터점,서울 구로구 경인로 565
KB국민은행ATM 신도림점,서울 구로구 경인로 661
KB국민은행ATM 고대구로병원,서울 구로구 구로동로 148 본관 1층
KB국민은행ATM 구일점,서울 구로구 구일로8길 56
KB국민은행ATM 구로점,서울 구로구 도림로20길 11
KB국민은행ATM 정현웨딩홀,서울 구로구 도림천로 344
KB국민은행ATM 디지털밸리점,서울 구로구 디지털로 273 에이스트윈타워2차 1층
KB국민은행ATM CJ게임즈,서울 구로구 디지털로 300
KB국민은행ATM 지플러스코오롱 365자동화점,서울 구로구 디지털로26길 123
KB국민은행ATM 구로디지털점,서울 구로구 디지털로31길 41
KB국민은행ATM 구로벤처센터점,서울 구로구 디지털로32길 29
KB국민은행ATM 코오롱디지털타워빌란트,서울 구로구 디지털로32길 30
KB국민은행ATM 이마트구로점,서울 구로구 디지털로32길 43
KB국민은행ATM 에이스테크노타워8차1층,서울 구로구 디지털로33길 11
KB국민은행ATM 우림E-BIZ 센터빌딩1층,서울 구로구 디지털로33길 12
KB국민은행ATM 우림 E-BIZ,서울 구로구 디지털로33길 28
KB국민은행ATM 신도림역점,서울 구로구 새말로 110
KB국민은행ATM 신도림 테크노마트,서울 구로구 새말로 97
KB국민은행ATM 이마트신도림역점지하2층,서울 구로구 새말로 97
KB국민은행ATM 고척파크 365자동화점,서울 구로구 중앙로 121
KB국민은행ATM 고척동점,서울 구로구 중앙로 22
KB국민은행ATM 2001(이천일)아울렛지하1층,서울 구로구 중앙로1길 36
KB국민은행ATM,서울 구로구 천왕로 36
KB국민은행ATM 가산테크노타운점,서울 금천구 가마산로 96
KB국민은행ATM 가산라이온스밸리점,서울 금천구 가산디지털1로 168
KB국민은행ATM 가산벤처점,서울 금천구 가산디지털1로 45 이앤씨드림타워 8차 103호
KB국민은행ATM LG전자 가산캠퍼스,서울 금천구 가산디지털1로 51
KB국민은행ATM 롯데정보통신1층로비,서울 금천구 가산디지털2로 179
KB국민은행ATM 가산IT점,서울 금천구 가산디지털2로 98
KB국민은행ATM 시흥2동자동화점,서울 금천구 금하로 745
KB국민은행ATM 벽산아파트 5단지,서울 금천구 금하로 816
KB국민은행ATM 독산2동점,서울 금천구 독산로 218
KB국민은행ATM 독산동365자동화점,서울 금천구 독산로 292
KB국민은행ATM 독산동 현대지식산업센터,서울 금천구 두산로 70
KB국민은행ATM 가산패션타운점,서울 금천구 벚꽃로 244
KB국민은행ATM 리더스타워빌딩,서울 금천구 벚꽃로 286
KB국민은행ATM 금천현대아파트상가,서울 금천구 벚꽃로 73
KB국민은행ATM 한국대학교육협의회,서울 금천구 서부샛길 606
KB국민은행ATM 홈플러스 시흥점2층(구.홈에버금천),서울 금천구 시흥대로 201
KB국민은행ATM 금천점,서울 금천구 시흥대로 202
KB국민은행ATM 독산홈플러스점,서울 금천구 시흥대로 391
KB국민은행ATM 독산동점,서울 금천구 시흥대로 430
KB국민은행ATM 공릉동자동화점,서울 노원구 공릉로 172
KB국민은행ATM 서울과기대 테크노점,서울 노원구 공릉로 232
KB국민은행ATM 서울과학기술대학교 본관,서울 노원구 공릉로 232
KB국민은행ATM 서울과학기술대학교 신본관,서울 노원구 공릉로 232
KB국민은행ATM 광운대 비마관,서울 노원구 광운로 20
KB국민은행ATM 광운대 복지관,서울 노원구 광운로 20
KB국민은행ATM 광운대학교(한울관1층),서울 노원구 광운로 20
KB국민은행ATM 노원경찰서,서울 노원구 노원로 283
KB국민은행ATM 롯데마트 중계점,서울 노원구 노원로 330
KB국민은행ATM 순복음노원교회,서울 노원구 노원로 440
KB국민은행ATM 노원구청,서울 노원구 노해로 437
KB국민은행ATM 불암동아APT점,서울 노원구 덕릉로 780
KB국민은행ATM 중계양지대림2차APT점,서울 노원구 덕릉로73길 28
KB국민은행ATM 태릉역점,서울 노원구 동일로 1022
KB국민은행ATM 공릉역점,서울 노원구 동일로 1101
KB국민은행ATM 마들역점,서울 노원구 동일로 1534
KB국민은행ATM 수락산역점,서울 노원구 동일로 1701
KB국민은행ATM 중계역365자동화점,서울 노원구 동일로207길 23
KB국민은행ATM 월계동그랑빌아파트점,서울 노원구 마들로 31
KB국민은행ATM 월계동점,서울 노원구 마들로 59
KB국민은행ATM 노원역점,서울 노원구 상계로5길 32
KB국민은행ATM 장미아파트,서울 노원구 섬밭로 190
KB국민은행ATM 중계동점,서울 노원구 섬밭로 258
KB국민은행ATM 인덕대 은봉관,서울 노원구 월계동 76-1
KB국민은행ATM 인덕대학,서울 노원구 월계동 산 76
KB국민은행ATM 인덕전문대학교(학술정보센타),서울 노원구 월계동 산 76
KB국민은행ATM 염광학원,서울 노원구 월계로45가길 57
KB국민은행ATM 중계본동 365자동화점,서울 노원구 중계로12길 6
KB국민은행ATM 중계북점,서울 노원구 한글비석로 261
KB국민은행ATM 상계역점,서울 노원구 한글비석로 383
KB국민은행ATM 상계벽산상가점,서울 노원구 한글비석로 396
KB국민은행ATM 서울여대 종합교육관(학생누리관),서울 노원구 화랑로 621
KB국민은행ATM 창동점,서울 도봉구 노해로 383
KB국민은행ATM 도봉경찰서,서울 도봉구 노해로 403
KB국민은행ATM 창동역점,서울 도봉구 노해로63길 84-3
KB국민은행ATM 쌍문역점,서울 도봉구 도봉로 494
KB국민은행ATM 쌍문동점,서울 도봉구 도봉로 555
KB국민은행ATM 에이치큐브병원,서울 도봉구 도봉로 604
KB국민은행ATM 도봉점,서울 도봉구 도봉로 769
KB국민은행ATM 창동아이파크점,서울 도봉구 도봉로136가길 4
KB국민은행ATM 신도봉점,서울 도봉구 마들로 650
KB국민은행ATM 방학동점,서울 도봉구 방학로 167
KB국민은행ATM 덕성여자대학교 학생회관내,서울 도봉구 삼양로144길 33
KB국민은행ATM 신창동점,서울 도봉구 우이천로4길 15
KB국민은행ATM 창동주공 3단지,서울 도봉구 창1동 347-5
KB국민은행자동화점 쌍문동지점,서울 도봉구 해등로 218
KB국민은행자동화점,서울 도봉구 해등로 243
KB국민은행ATM 경희의료원 2층,서울 동대문구 경희대로 23
KB국민은행ATM 경희대학교(종합강의동),서울 동대문구 경희대로 26
KB국민은행ATM 경동시장점,서울 동대문구 고산자로 451
KB국민은행ATM 제기동 한신상가점,서울 동대문구 고산자로 534
KB국민은행ATM 장안동점,서울 동대문구 답십리로 297
KB국민은행ATM 휘경동점,서울 동대문구 망우로 123
KB국민은행ATM 전농우성아파트 365자동화점,서울 동대문구 사가정로 190
KB국민은행ATM 동대문경찰서,서울 동대문구 약령시로21길 29
KB국민은행ATM 제기동점,서울 동대문구 왕산로 127
KB국민은행ATM 이마트이문점,서울 동대문구 이문로 136
KB국민은행ATM 이문동점,서울 동대문구 이문로 37
KB국민은행ATM 답십리점,서울 동대문구 전농로 99
KB국민은행ATM 한국원사직물시험연구원,서울 동대문구 정릉천동로 102
KB국민은행ATM 홍릉점,서울 동대문구 제기로 78
KB국민은행ATM 하늘병원,서울 동대문구 천호대로 317
KB국민은행ATM 장한평역종합금융센터점,서울 동대문구 천호대로 405
KB국민은행ATM 신용두점,서울 동대문구 천호대로 63
KB국민은행ATM 서울풍물시장,서울 동대문구 천호대로4길 21
KB국민은행ATM 한국과학기술 정보원,서울 동대문구 청량리동 1-136
KB국민은행ATM,서울 동대문구 홍릉로 33
KB국민은행ATM 경희대학교(정경대),서울 동대문구 회기동 1
KB국민은행ATM 경희대학교(푸른솔문화관),서울 동대문구 회기동 1
KB국민은행ATM 동일스위트리버점,서울 동대문구 휘경동 43-12
KB국민은행ATM 휘경동주공아파트점,서울 동대문구 휘경동 57
KB국민은행ATM 대방동점,서울 동작구 국사봉1길 3
KB국민은행ATM 노량진점,서울 동작구 노량진로 100
KB국민은행ATM 사당동점,서울 동작구 동작대로 31
KB국민은행ATM 사당역365자동화점,서울 동작구 동작대로1길 12
KB국민은행ATM 총신대학교,서울 동작구 사당로 157-7
KB국민은행ATM 이마트이수점,서울 동작구 사당로 300 지하1층
KB국민은행ATM 숭실대역점,서울 동작구 상도동 134
KB국민은행ATM 상도동점,서울 동작구 상도로 190
KB국민은행ATM 장승배기자동화점,서울 동작구 상도로15길 99
KB국민은행ATM 흑석동점,서울 동작구 서달로 158
KB국민은행ATM 성대시장(한의원건물),서울 동작구 성대로1길 2
KB국민은행ATM 래미안상도3차 365자동화점,서울 동작구 양녕로22바길 37
KB국민은행ATM 신대방동 365자동화점,서울 동작구 여의대방로 22
KB국민은행ATM 동작구민체육센터1층,서울 동작구 여의대방로16길 53
KB국민은행ATM 더샵아파트365자동화점,서울 동작구 장승배기로10길 130
KB국민은행ATM 국립서울현충원,서울 동작구 현충로 210
KB국민은행ATM 흑석센트레빌 2차,서울 동작구 흑석동 247
KB국민은행ATM 중앙대학교 흑석동병원 1층로비,서울 동작구 흑석로 102
KB국민은행ATM 중앙대학교 본관,서울 동작구 흑석로 84
KB국민은행ATM 마포태영아파트점,서울 마포구 독막로 266
KB국민은행ATM 공항철도 홍대입구역,서울 마포구 동교동 172-7
KB국민은행ATM 마포점,서울 마포구 마포대로 155
KB국민은행ATM 마포래미안푸르지오 365자동화점,서울 마포구 마포대로 195
KB국민은행ATM 마포역종합금융센터점,서울 마포구 마포대로 38
KB국민은행ATM 도화동점,서울 마포구 마포대로 63-8
KB국민은행ATM 공덕역,서울 마포구 마포대로 92
KB국민은행 공덕역무인환전센터,서울 마포구 마포대로 지하 92
KB국민은행ATM 이마트마포공덕점,서울 마포구 백범로 212
KB국민은행ATM 상암YTN,서울 마포구 상암산로 76
KB국민은행ATM DMC 첨단산업센터,서울 마포구 성암로 330
KB국민은행ATM 아현동점,서울 마포구 신촌로 270 수창빌딩
KB국민은행ATM 합정역점,서울 마포구 양화로 45
KB국민은행ATM 서교사거리점,서울 마포구 양화로 78
KB국민은행ATM KT기업RC센터365자동화점,서울 마포구 염리동 85-2
KB국민은행ATM 극동방송,서울 마포구 와우산로 56
KB국민은행ATM 홍익대 와우관,서울 마포구 와우산로 94 와우관 L동 1층
KB국민은행ATM 망원동점,서울 마포구 월드컵로 123
KB국민은행ATM 성산동점,서울 마포구 월드컵북로 68
KB국민은행ATM 성산출장소점,서울 마포구 월드컵북로38길 14
KB국민은행ATM 상암DMC점,서울 마포구 월드컵북로54길 11
KB국민은행ATM 서강점,서울 마포구 토정로 221
KB국민은행ATM 명지전문대학,서울 서대문구 가좌로 134
KB국민은행ATM 명지대 행정동,서울 서대문구 거북골로 34
KB국민은행ATM 남가좌삼성점,서울 서대문구 남가좌동 377
KB국민은행ATM 천연뜨란채 관리사무소,서울 서대문구 독립문로8길 54
KB국민은행ATM KB손해보험 RFC본부,서울 서대문구 서소문로 21 충정타워 1층
KB국민은행ATM 이대부고 365자동화점,서울 서대문구 성산로 520
KB국민은행ATM 모래내점,서울 서대문구 수색로 40
KB국민은행ATM 연희동점,서울 서대문구 연희로 113
KB국민은행자동화점 이대점,서울 서대문구 이화여대3길 6
KB국민은행ATM 남가좌동점,서울 서대문구 증가로 136
KB국민은행ATM 서대문점,서울 서대문구 충정로 53
KB국민은행ATM 홍제동점,서울 서대문구 통일로 464
KB국민은행ATM 경찰청출장소,서울 서대문구 통일로 97
KB국민은행ATM 홍은동 365자동화점,서울 서대문구 홍은중앙로 100-35
KB국민은행ATM 서초2동점,서울 서초구 강남대로 329
KB국민은행ATM 신사동종합금융센터점,서울 서초구 강남대로 597
KB국민은행ATM 연세사랑병원,서울 서초구 남부순환로 2137
KB국민은행ATM 한국예술종합학교(서초캠퍼스),서울 서초구 남부순환로 2374
KB국민은행ATM 이수교 VIP센타점,서울 서초구 동광로1길 112
KB국민은행 양재자동화점,서울 서초구 동산로 82
KB국민은행ATM 이수역점,서울 서초구 동작대로 120
KB국민은행ATM 양재남점,서울 서초구 마방로10길 5
KB국민은행ATM 이마트양재점,서울 서초구 매헌로 16
KB국민은행ATM 블랙야크,서울 서초구 바우뫼로 201
KB국민은행ATM 한국교육개발원,서울 서초구 바우뫼로1길 35
KB국민은행ATM 반포 자이안센터,서울 서초구 반포1동 20-1
KB국민은행ATM 서초역점,서울 서초구 반포대로 111
KB국민은행ATM 금융위원회 연금매장 지하1층,서울 서초구 반포대로 217
KB국민은행ATM 방배중앙종합금융센터점,서울 서초구 방배로 181
KB국민은행ATM 방배남점,서울 서초구 방배로 46
KB국민은행ATM 방배역점,서울 서초구 방배로 99
KB국민은행ATM 백석예술대 본관,서울 서초구 방배로9길 23
KB국민은행ATM 신논현역점,서울 서초구 사평대로 344
KB국민은행ATM 서래점,서울 서초구 서래로8길 6
KB국민은행ATM 서초월드오피스텔 지하1층,서울 서초구 서운로 19
KB국민은행ATM 방배동출장소점,서울 서초구 서초대로 25
KB국민은행ATM 교대역점,서울 서초구 서초대로 283
KB국민은행ATM 삼성타운점,서울 서초구 서초대로74길 14 삼성물산 1층
KB국민은행 삼성타운지점,서울 서초구 서초대로74길 14 삼성물산 1층
KB국민은행ATM 게임빌,서울 서초구 서초중앙로 4
KB국민은행ATM 서초중앙점,서울 서초구 서초중앙로 53
KB국민은행ATM 서울교육대학교 본관1층,서울 서초구 서초중앙로 96 본관 1층
KB국민은행ATM 서초동종합금융센터점,서울 서초구 서초중앙로24길 41
KB국민은행ATM 반포중앙점,서울 서초구 신반포로 157
KB국민은행ATM 센트럴시티 정문,서울 서초구 신반포로 176
KB국민은행ATM 호남선승차장 2번게이트,서울 서초구 신반포로 176
KB국민은행ATM 경부선 하차장,서울 서초구 신반포로 194
KB국민은행ATM 반포역점,서울 서초구 신반포로 257 뉴타운 빌딩 1층
KB국민은행ATM 반포점,서울 서초구 신반포로 31
KB국민은행ATM 한국통신 연구개발본부,서울 서초구 태봉로 151
KB국민은행ATM 우면동점,서울 서초구 태봉로 62
KB국민은행ATM 서초남점,서울 서초구 효령로 231
KB국민은행ATM 남부터미널점,서울 서초구 효령로 317
KB국민은행ATM 서초무지개점,서울 서초구 효령로 402
KB국민은행ATM 서울교통공사사당별관,서울 서초구 효령로 5
KB국민은행ATM 대림강변타운점,서울 성동구 고산자로 160
KB국민은행ATM 행당동점,서울 성동구 고산자로 202
KB국민은행ATM 마장동점,서울 성동구 고산자로 340
KB국민은행ATM 행당롯데마트(레몬프라자) 1층,서울 성동구 고산자로6길 40
KB국민은행ATM 제인한방병원,서울 성동구 광나루로 243
KB국민은행ATM 화양동점,서울 성동구 광나루로 310
KB국민은행ATM 서울숲푸르지오 365자동화점,서울 성동구 금호동4가 342
KB국민은행ATM 극동그린상가,서울 성동구 독서당로 173
KB국민은행ATM 옥수동점,서울 성동구 독서당로 187
KB국민은행ATM 래미안옥수리버젠 상가,서울 성동구 독서당로 223
KB국민은행ATM 금호동점,서울 성동구 독서당로 306
KB국민은행ATM 옥수어울림상가,서울 성동구 독서당로40길 39
KB국민은행ATM 이마트성수점,서울 성동구 뚝섬로 379
KB국민은행ATM 한양대점,서울 성동구 마조로3길 2
KB국민은행ATM 텐즈힐 365자동화점,서울 성동구 상왕십리동 12-37
KB국민은행ATM 성수동점,서울 성동구 성덕정길 106
KB국민은행ATM 뚝도시장점,서울 성동구 성덕정길 106
KB국민은행ATM 성수역종합금융센터점,서울 성동구 성수일로10길 32
KB국민은행ATM 서울숲점,서울 성동구 아차산로 15-8 DS빌딩
KB국민은행ATM 한양대본관점,서울 성동구 왕십리로 220
KB국민은행ATM 한양대병원서관6층,서울 성동구 왕십리로 220
KB국민은행ATM,서울 성동구 자동차시장1길 81 1층
CU ATM 성동금호점,서울 성동구 장터길 34 국민은행 1층 1동 1호
KB국민은행ATM 용답동점,서울 성동구 천호대로 320
KB국민은행ATM 도시철도공사(1층로비),서울 성동구 천호대로 346
KB국민은행ATM 서울교통공사군자기지,서울 성동구 천호대로78길 58
KB국민은행ATM 이마트왕십리점,서울 성동구 행당동 168-1
KB국민은행ATM 왕십리역점,서울 성동구 행당동 168-1
KB국민은행ATM 한양여대신본관,서울 성동구 행당동 17-7 지하 1층
KB국민은행ATM 고대 생명과학관(녹지),서울 성북구 개운사2길 46
KB국민은행ATM 길음래미안5단지 365자동화점,서울 성북구 길음로 74
KB국민은행ATM 길음뉴타운 9단지,서울 성북구 길음로9길 50
KB국민은행ATM 이마트미아점,서울 성북구 도봉로 17 1층
KB국민은행ATM 길음역금호어울림힐아파트 365자동화점,서울 성북구 돈암동 13-7
KB국민은행ATM,서울 성북구 돈암동 643
KB국민은행ATM 석관동점,서울 성북구 돌곶이로 55
KB국민은행ATM 성신여대,서울 성북구 동선동3가 249-1
KB국민은행ATM 돈암동점,서울 성북구 동소문로 114
KB국민은행ATM 길음뉴타운점,서울 성북구 동소문로 231
KB국민은행ATM 삼선교점,서울 성북구 동소문로 40
KB국민은행ATM 정릉동점,서울 성북구 보국문로 50
KB국민은행ATM 보문동점,서울 성북구 보문로 34
KB국민은행ATM 이수아파트상가1층,서울 성북구 북악산로 844
KB국민은행ATM 삼선SK뷰아파트자동화점,서울 성북구 삼선교로16길 35
KB국민은행ATM 성북경찰서 구내식당앞,서울 성북구 삼선동5가 301
KB국민은행ATM 길음동부센트레빌 365자동화점,서울 성북구 삼양로 66
KB국민은행ATM 길음동부센트레빌아파트,서울 성북구 삼양로8길 3-21
KB국민은행ATM 동덕여대 숭인관 4층,서울 성북구 상월곡동 86-78
KB국민은행ATM 한국예술종합학교식당,서울 성북구 석관동 1-5
KB국민은행ATM 공연윤리위원회,서울 성북구 석관동 산 1-5
KB국민은행ATM 한국종합예술대학 종합강의동,서울 성북구 석관동 산 1-5
KB국민은행ATM 북악점,서울 성북구 아리랑로 127
KB국민은행ATM 고대 국제관,서울 성북구 안암로 145
KB국민은행ATM 고대중앙광장 B1F,서울 성북구 안암로 145
KB국민은행ATM 고려대학교 생명과학관(서관),서울 성북구 안암로 145
KB국민은행ATM 고려대학교 과학도서관,서울 성북구 안암로 145
KB국민은행ATM 고려대산학관,서울 성북구 안암로 145
KB국민은행ATM 참누리아파트상가,서울 성북구 월계로40길 7 센트럴상가 지하
KB국민은행ATM 장위동점,서울 성북구 장월로 88
KB국민은행ATM 동아아파트상가1층,서울 성북구 장월로1길 28
KB국민은행ATM 국민대 본관,서울 성북구 정릉동 861-1
KB국민은행ATM 국민대 이공대,서울 성북구 정릉로 77
KB국민은행ATM 국민대 예술대학교(국제교육관),서울 성북구 정릉로 77
신한은행 365코너 국민대학교,서울 성북구 정릉로 77
우리은행 365코너 국민대학교법학관내,서울 성북구 정릉로 77
우리은행 365코너 국민대학교북악관1층,서울 성북구 정릉로 77
우리은행 365코너 국민대학교본부관1층,서울 성북구 정릉로 77
우리은행 365코너 국민대학교공학관1층,서울 성북구 정릉로 77
우리은행 365코너 국민대학교국제관1층,서울 성북구 정릉로 77
KB국민은행ATM 고대 중앙도서관,서울 성북구 종암로 13
KB국민은행ATM 이마트하월곡점,서울 성북구 종암로 167
KB국민은행ATM 종암동점,서울 성북구 종암로 44
KB국민은행ATM 보람상조개발,서울 성북구 종암로 44
KB국민은행ATM 홈플러스 월곡점,서울 성북구 화랑로 76
KB국민은행ATM 월곡역점,서울 성북구 화랑로 91
KB국민은행ATM 동덕여대서비스센타,서울 성북구 화랑로13길 60
KB국민은행ATM 동덕여대 본관,서울 성북구 화랑로13길 60
KB국민은행ATM 가락쌍용1차아파트,서울 송파구 동남로 189
KB국민은행ATM 마천동점,서울 송파구 마천로 257
KB국민은행ATM 마천시장365자동화점,서울 송파구 마천로41길 29
KB국민은행ATM 방이역점,서울 송파구 마천로5길 10
KB국민은행ATM 문정동 훼미리아파트점,서울 송파구 문정동 150
KB국민은행ATM 삼전남점,서울 송파구 백제고분로 196
KB국민은행ATM 송파종합금융센터점,서울 송파구 백제고분로 393
KB국민은행ATM 방이동점,서울 송파구 백제고분로 501
KB국민은행ATM 잠실남점,서울 송파구 삼전동 1-8 신원빌딩 1층
KB국민은행ATM 석촌동점,서울 송파구 삼학사로 99
KB국민은행 석촌동지점,서울 송파구 삼학사로 99
KB국민은행ATM 서잠실점,서울 송파구 석촌호수로 92
KB국민은행ATM 국립경찰병원,서울 송파구 송이로 123
KB국민은행ATM 문정동점,서울 송파구 송이로30길 7
KB국민은행ATM 가락동종합금융센터점,서울 송파구 송파대로 274
KB국민은행ATM 잠실역점,서울 송파구 송파대로 562
KB국민은행ATM 올림픽PB센터점,서울 송파구 양재대로 1222
KB국민은행ATM 한국체육대학교,서울 송파구 양재대로 1239
KB국민은행ATM 한국체육대학교(구내식당),서울 송파구 양재대로 1239
KB국민은행ATM 송파개롱역점,서울 송파구 오금로 420
KB국민은행ATM 잠실새내역점,서울 송파구 올림픽로 102
KB국민은행ATM 잠실중앙점,서울 송파구 올림픽로 203
KB국민은행ATM 갤러리아팰리스출장소점,서울 송파구 올림픽로 212 갤러리아팰리스 A-213
KB국민은행ATM 잠실롯데호텔 1층,서울 송파구 올림픽로 240
KB국민은행ATM 롯데월드몰점,서울 송파구 올림픽로 300
KB국민은행ATM 한신코아오피스,서울 송파구 올림픽로35가길 11
KB국민은행ATM 삼성SDS,서울 송파구 올림픽로35길 123 지하1층
KB국민은행ATM 잠실나루역 365자동화점,서울 송파구 올림픽로37길 130 파크리오상가 1층
KB국민은행ATM 잠실나루역점,서울 송파구 올림픽로37길 130 파크리오상가 2층
KB국민은행ATM 아시아선수촌점,서울 송파구 올림픽로4길 17 아시아선수촌상가 2층
KB국민은행ATM 위례22단지 365자동화점,서울 송파구 장지동 393
KB국민은행ATM 오륜상가점,서울 송파구 중대로 24
KB국민은행ATM 이마트가든파이브점,서울 송파구 충민로 10
KB국민은행ATM 가든파이브 킴스클럽,서울 송파구 충민로 66
KB국민은행ATM 송파파인타운 7단지 자동화점,서울 송파구 충민로4길 19
KB국민은행ATM 염창역점,서울 양천구 공항대로 612
KB국민은행ATM 메디힐병원,서울 양천구 남부순환로 331
KB국민은행ATM 신월동점,서울 양천구 남부순환로 353
KB국민은행ATM 현대백화점목동점,서울 양천구 목동동로 257 현대백화점 지하2층
KB국민은행ATM 목동중앙점,서울 양천구 목동동로 309
KB국민은행ATM 목동6단지 365자동화점,서울 양천구 목동동로 430
KB국민은행ATM 양천경찰서 1층로비,서울 양천구 목동동로 99
KB국민은행ATM 한국통신 정보전산센터,서울 양천구 목동서로 201
KB국민은행ATM 목동서로종합금융센터점,서울 양천구 목동서로 283
KB국민은행ATM 양천점,서울 양천구 목동서로 377
KB국민은행ATM 목동점,서울 양천구 목동중앙본로7길 45
KB국민은행ATM 신월뉴타운점,서울 양천구 신월로 180
KB국민은행ATM 신정네거리역점,서울 양천구 신월로 280
KB국민은행ATM 푸른마을점,서울 양천구 신정로11길 58
KB국민은행ATM 서남병원 365자동화점,서울 양천구 신정이펜1로 20
KB국민은행ATM 목동역점,서울 양천구 오목로 222
KB국민은행ATM 이마트목동점,서울 양천구 오목로 299 트라펠리스 지하2층
KB국민은행ATM 신월시영점,서울 양천구 지양로 25
KB국민은행ATM 이마트신월점,서울 양천구 화곡로 59
KB국민은행ATM 여의도리버타워점,서울 영등포구 63로 36
KB국민은행ATM 영등포하이테크점,서울 영등포구 경인로 775
KB국민은행ATM 여의도IFC출장소점,서울 영등포구 국제금융로 10
KB국민은행ATM 한국증권금융 1층로비,서울 영등포구 국제금융로8길 10
KB국민은행ATM 여의도영업부점,서울 영등포구 국제금융로8길 26
KB국민은행ATM 삼성생명서비스 손해사정,서울 영등포구 국회대로 559
KB국민은행ATM 여의도순복음교회 제2교육관 나눔카페,서울 영등포구 국회대로76길 25
KB국민은행ATM 영등포구청역점,서울 영등포구 당산로 133
KB국민은행ATM 현대해상 지하1층,서울 영등포구 당산로 141
KB국민은행ATM 공상은행 대림동점,서울 영등포구 도림로 160
KB국민은행ATM 신길서점,서울 영등포구 도신로 116
KB국민은행ATM 영등포중기타운점,서울 영등포구 버드나루로 47
KB국민은행ATM 서울콜센터,서울 영등포구 선유동2로 57
KB국민은행ATM 코스트코 양평점,서울 영등포구 선유로 156
KB국민은행ATM 양평동종합금융센터점,서울 영등포구 선유로 265
KB국민은행ATM 문래동점,서울 영등포구 선유로 75
KB국민은행ATM GS홈쇼핑 강서타워,서울 영등포구 선유로 75
KB국민은행ATM GS강서타워,서울 영등포구 선유로 75
KB국민은행ATM 당산역점,서울 영등포구 양평로 12
KB국민은행ATM 당산동 365자동화점,서울 영등포구 양평로 58
KB국민은행ATM 여의도종합금융센터점,서울 영등포구 여의나루로 50
KB국민은행ATM 증권타운점,서울 영등포구 여의나루로 67
KB국민은행ATM 한국증권거래소,서울 영등포구 여의나루로 76
KB국민은행ATM 트윈타워,서울 영등포구 여의대로 128
KB국민은행ATM 전경련회관 지하상가,서울 영등포구 여의대로 24
KB국민은행ATM 공군회관,서울 영등포구 여의대방로 259
KB국민은행ATM 신길사랑점,서울 영등포구 여의대방로 65
KB국민은행ATM 이마트여의도점지하1층,서울 영등포구 여의동로3길 10 여의도자이아파트 지하1층
KB국민은행ATM 영등포푸르지오365자동화점,서울 영등포구 영등포동 647-1
KB국민은행ATM 영등포점,서울 영등포구 영등포로 208
KB국민은행ATM 양평역 365자동화점,서울 영등포구 영등포로 32
KB국민은행ATM 신세계백화점 영등포,서울 영등포구 영중로 9
KB국민은행ATM 영등포중기타운 365자동화점,서울 영등포구 영중로14길 44-1
KB국민은행ATM 국회의원회관 신관,서울 영등포구 의사당대로 1
KB국민은행ATM 서여의도영업부점,서울 영등포구 의사당대로 13
KB국민은행ATM 금융감독원,서울 영등포구 의사당대로 82
KB국민은행ATM 용산 푸르지오 아파트,서울 용산구 동빙고동 316
KB국민은행ATM 용산파크타워 365자동화점,서울 용산구 동빙고동 316
KB국민은행ATM 선인상가내 2층,서울 용산구 새창로 181
KB국민은행ATM 하얏트 호텔,서울 용산구 소월로 322
KB국민은행ATM 동부이촌동점,서울 용산구 이촌로 206
KB국민은행ATM 점보상가 365자동화점,서울 용산구 이촌로 290
KB국민은행ATM 이태원점,서울 용산구 이태원로 214-1 1층
KB국민은행ATM 용산종합금융센터점,서울 용산구 청파로 109
KB국민은행ATM 신용산역점,서울 용산구 한강대로 109
KB국민은행ATM LG U+ 신사옥,서울 용산구 한강대로 32
KB국민은행ATM 카카오뱅크,서울 용산구 한강대로 372
KB국민은행ATM 이마트용산점,서울 용산구 한강대로23길 55
KB국민은행ATM 한남동점,서울 용산구 한남대로21길 8
KB국민은행ATM 효창동점,서울 용산구 효창원로 154
KB국민은행ATM 동부CAS손해사정,서울 용산구 후암로 107
KB국민은행ATM 후암동365자동화점,서울 용산구 후암로 23
KB국민은행ATM 후암동365자동화점,서울 용산구 후암로 27
KB국민은행ATM 충암고등학교,서울 은평구 가좌로5길 5
KB국민은행ATM 역촌2동점,서울 은평구 갈현로 66
KB국민은행ATM 은평천사원 재활체육센터,서울 은평구 갈현로11길 30
KB국민은행ATM 백련산힐스테이트 365자동화점,서울 은평구 백련산로 38 상가 C동 B3층 103호
KB국민은행ATM 북한산현대 365자동화점,서울 은평구 불광동 643
KB국민은행ATM 2001아울렛불광점 지하2층,서울 은평구 불광로 20
KB국민은행ATM 역촌동점,서울 은평구 서오릉로 188
KB국민은행ATM 이마트수색점,서울 은평구 수색로 217
KB국민은행ATM 수색점,서울 은평구 수색로 246
KB국민은행ATM 연서출장소점,서울 은평구 연서로 282
KB국민은행ATM 응암역점,서울 은평구 연서로 9
KB국민은행 365코너 이마트은평점,서울 은평구 은평로 111 1층
KB국민은행ATM 은평로점,서울 은평구 은평로 147
KB국민은행ATM 응암오거리점,서울 은평구 응암로 197
KB국민은행ATM 은평뉴타운1지구점,서울 은평구 진관3로 77 상가 106호
KB국민은행ATM 불광동점,서울 은평구 통일로 742
KB국민은행ATM 연신내점,서울 은평구 통일로 861
KB국민은행ATM 서울보증보험출장소점,서울 종로구 김상옥로 29
KB국민은행ATM 돈화문점,서울 종로구 돈화문로 89
KB국민은행ATM 한국방송통신대학 365자동화점,서울 종로구 동숭동 169-1
KB국민은행ATM 감사원내 1층 휴계실,서울 종로구 북촌로 112
KB국민은행ATM 이북5도청,서울 종로구 비봉길 64
KB국민은행ATM 서울경찰청로비,서울 종로구 사직로8길 31
KB국민은행ATM 라이나생명보험본사 지하1층,서울 종로구 삼봉로 48
KB국민은행ATM 광화문점(사옥),서울 종로구 새문안로3길 30
KB국민은행ATM 광화문역점,서울 종로구 새문안로5길 13
KB국민은행ATM 세종문화회관점,서울 종로구 세종대로 175
KB국민은행ATM KT프라자,서울 종로구 세종대로 178
KB국민은행ATM KT 광화문사옥,서울 종로구 세종대로 178 지하1층
KB국민은행ATM 독립문 365자동화점,서울 종로구 송월길 99
KB국민은행ATM 연합뉴스,서울 종로구 수송동 85-1
KB국민은행ATM 종로경찰서 현관,서울 종로구 율곡로 46
KB국민은행ATM 종로중앙종합금융센터점,서울 종로구 인사동5길 29
KB국민은행ATM 경복궁역 365자동화점,서울 종로구 자하문로 6
KB국민은행ATM 청운동점,서울 종로구 자하문로 67
KB국민은행ATM 종로3가점,서울 종로구 종로 123
KB국민은행ATM 무역보험공사출장소점,서울 종로구 종로 14 서울센트럴빌딩 1층
KB국민은행ATM 종로5가종합금융센터점,서울 종로구 종로 199
KB국민은행ATM SK빌딩출납객장(지하1층),서울 종로구 종로 26
KB국민은행ATM 글로벌머니익스프레스,서울 종로구 종로 315
KB국민은행ATM 창신동점,서울 종로구 종로 330
KB국민은행ATM 세종로점,서울 종로구 종로5길 68
KB국민은행ATM 요진오피스텔 1층로비,서울 종로구 진흥로 432
KB국민은행ATM 세검정점,서울 종로구 진흥로 488
KB국민은행ATM 혜화경찰서,서울 종로구 창경궁로 112-16
KB국민은행ATM 혜화동점,서울 종로구 창경궁로 260
KB국민은행ATM 동아미디어점 1층로비,서울 종로구 청계천로 1
KB국민은행ATM 세운상가,서울 종로구 청계천로 159
KB국민은행ATM 청계점,서울 종로구 청계천로 199
KB국민은행ATM 세란병원,서울 종로구 통일로 256
KB국민은행ATM 상명대 학생회관,서울 종로구 홍지동 7
KB국민은행ATM 한국은행본점로비,서울 중구 남대문로 39 1층 로비
KB국민은행ATM 청구역점,서울 중구 다산로 185
KB국민은행ATM 디오트상가 지하1층,서울 중구 다산로 293
KB국민은행ATM 디오트상가 지상1층,서울 중구 다산로 293
KB국민은행ATM 남산타운2상가,서울 중구 다산로 32
KB국민은행ATM 송도병원,서울 중구 다산로 78
KB국민은행ATM 약수역점,서울 중구 다산로11길 3
KB국민은행ATM 오장동점,서울 중구 동호로 336
KB국민은행ATM 동부화재빌딩 1층,서울 중구 마른내로 35
KB국민은행ATM 골든타운 빌딩1층(신평화지점1층),서울 중구 마장로 34
KB국민은행ATM 동대문경찰기동대,서울 중구 마장로 45
KB국민은행ATM 엘리시움점,서울 중구 마장로1길 18
KB국민은행ATM 서소문점,서울 중구 서소문로 100
KB국민은행ATM 태평로출장소점,서울 중구 세종대로 135
KB국민은행ATM 무교점,서울 중구 세종대로 136
KB국민은행ATM 남대문종합금융센터점,서울 중구 세종대로 50
KB국민은행ATM 삼성생명빌딩 지하1층,서울 중구 세종대로 55
KB국민은행ATM 소공한화빌딩,서울 중구 소공로 109
KB국민은행ATM 숭례문점,서울 중구 소월로 3
KB국민은행ATM 그랜드코리아레져 서울힐튼,서울 중구 소월로 50
KB국민은행ATM 서울역점,서울 중구 소월로2길 30 남산트라팰리스 1층
KB국민은행ATM 노랑풍선,서울 중구 수표로 31
KB국민은행ATM 남산타운365자동화점,서울 중구 신당동 844 남산타운5상가 2층
KB국민은행ATM 을지로3가점,서울 중구 을지로 100
KB국민은행ATM 파인애비뉴빌딩,서울 중구 을지로 100
KB국민은행ATM 명동영업부점,서울 중구 을지로 51
KB국민은행ATM SK텔레콤을지로신사옥 지하1층,서울 중구 을지로 65
KB국민은행ATM 뉴존패션몰 지하1층,서울 중구 을지로45길 62
KB국민은행ATM 연합뉴스사옥로비,서울 중구 을지로5길 26
KB국민은행ATM 동대문 밀리오레상가,서울 중구 장충단로 263
KB국민은행ATM 현대씨티아울렛동대문,서울 중구 장충단로13길 20
KB국민은행ATM 해오름 극장,서울 중구 장충동2가 14-67
KB국민은행ATM 실로암사우나,서울 중구 중림로 49
KB국민은행ATM 청계4가점,서울 중구 청계천로 180-2
KB국민은행ATM 중부점,서울 중구 충무로 29
KB국민은행ATM 태평로빌딩(공상은행),서울 중구 태평로2가 310
KB국민은행ATM 충무로역종합금융센터점,서울 중구 퇴계로 213
KB국민은행ATM 청화산업,서울 중구 퇴계로 299
KB국민은행ATM 신당동점,서울 중구 퇴계로 381
KB국민은행ATM 신당역점,서울 중구 퇴계로 459
KB국민은행ATM 동국대학교 본관,서울 중구 필동로1길 30
KB국민은행ATM 동국대학교 상록관,서울 중구 필동로1길 30
KB국민은행ATM 서울역환전센터 365자동화점,서울 중구 한강대로 405
KB국민은행ATM 이마트황학점,서울 중구 황학동 2198 롯데캐슬 베네치아 지하2층
KB국민은행ATM 면목동365자동화점,서울 중랑구 겸재로 199
KB국민은행ATM 중화동점,서울 중랑구 동일로 757
KB국민은행ATM 먹골역점,서울 중랑구 동일로 921
KB국민은행ATM 이마트묵동점,서울 중랑구 동일로 932
KB국민은행ATM 상봉역점,서울 중랑구 망우로 316 이지팰리스 2층
KB국민은행ATM 망우동점,서울 중랑구 망우로 407
KB국민은행ATM 동부제일병원,서울 중랑구 망우로 511
KB국민은행ATM 경남아너스빌점(면목동),서울 중랑구 면목동 1529
KB국민은행ATM 서일대 배양관,서울 중랑구 면목동 49-3
KB국민은행ATM 사가정역점,서울 중랑구 면목로 315
KB국민은행ATM 대상,서울 중랑구 면목로 470
KB국민은행ATM 망우본동자동화점,서울 중랑구 봉우재로 240
KB국민은행ATM 중랑구청점,서울 중랑구 봉화산로 189
KB국민은행ATM 신내동점,서울 중랑구 봉화산로 218
KB국민은행ATM 건영캐스빌점,서울 중랑구 상봉동 499
KB국민은행ATM 이마트상봉점,서울 중랑구 상봉로 118
KB국민은행ATM 봉화산역점,"서울 중랑구 신내로 211 금강리빙스텔 201, 217호"
KB국민은행ATM 메트로버스 기사대기실,서울 중랑구 신내역로 25
KB국민은행ATM 장스여성병원1층(장중환산부인과),서울 중랑구 용마산로117길 49
