IBK기업은행365 논현신동아아파트앞,서울 강남구 강남대로146길 28
IBK기업은행365 수서역 (구)수서역지점,서울 강남구 광평로 지하 270
IBK기업은행365 수서주공아파트 1차상가,서울 강남구 광평로51길 49
IBK기업은행365 대치역점,서울 강남구 남부순환로 2936
IBK기업은행365 은광여중고,서울 강남구 남부순환로359길 36
IBK기업은행365 형지,서울 강남구 논현로 322
IBK기업은행365 역삼역점365,서울 강남구 논현로 418
IBK기업은행365 압구정동점365,서울 강남구 논현로 868
IBK기업은행365 역삼남점365,서울 강남구 도곡로 182
IBK기업은행365 서희스타힐스,서울 강남구 도곡로3길 19
IBK기업은행365 신사동점365,서울 강남구 도산대로 139
IBK기업은행365 구)신사동점 1층로비,서울 강남구 도산대로 139
IBK기업은행365 언주로점365,서울 강남구 도산대로 307
IBK기업은행365 청담동점365,서울 강남구 도산대로 446
IBK기업은행365 SRT수서역,서울 강남구 밤고개로 99
IBK기업은행365 언주역점365,서울 강남구 봉은사로 179
IBK기업은행365 삼성동점365,서울 강남구 봉은사로 303
IBK기업은행365 코엑스-CGV,서울 강남구 봉은사로 524
IBK기업은행365 수도빌딩,서울 강남구 봉은사로 610
IBK기업은행365 한티역점365,서울 강남구 선릉로 332
IBK기업은행 강남구청역점365,서울 강남구 선릉로 648
IBK기업은행365 분당선 선정릉역,서울 강남구 선릉로 지하 580
IBK기업은행365 수서6단지아파트입구,서울 강남구 수서동 723
IBK기업은행365 소망교회,서울 강남구 압구정로36길 55
IBK기업은행365 우성캐릭터빌 후문화단,서울 강남구 언주로 122
IBK기업은행365 도곡팰리스점,서울 강남구 언주로 122 1층
IBK기업은행365 역삼중앙점365,서울 강남구 역삼로 114
하나은행365 삼성역기업센터(입점건물1층),서울 강남구 영동대로96길 34
IBK기업은행365 테헤란로점365,서울 강남구 테헤란로 132 1층
IBK기업은행365 한국기술센터(출),서울 강남구 테헤란로 305
IBK기업은행365 선릉역점365,서울 강남구 테헤란로 328
IBK기업은행365 테헤란로중앙점365,서울 강남구 테헤란로 416
IBK기업은행365 무역센터점365,서울 강남구 테헤란로 501
IBK기업은행365 현대백화점무역센터점2층,서울 강남구 테헤란로 517
IBK기업은행365 현대백화점무역센터점6층,서울 강남구 테헤란로 517
IBK기업은행365 삼성역점365,서울 강남구 테헤란로 625
IBK기업은행365 논현역점365,서울 강남구 학동로 110
IBK기업은행365 학동역점365,서울 강남구 학동로 177
IBK기업은행365 강남구청점365,서울 강남구 학동로 429
IBK기업은행365 서울요양병원,서울 강남구 헌릉로590길 50
IBK기업은행365 오륜교회,서울 강동구 강동대로 235
IBK기업은행365 2001아울렛천호점,서울 강동구 구천면로 189
IBK기업은행365,서울 강동구 상암로 62-1 1층
IBK기업은행365 고덕리엔파크3단지상가,서울 강동구 상일로 74
IBK기업은행365 강동첨단점365,서울 강동구 상일로6길 51
IBK기업은행365 강동구청역점365,서울 강동구 성내로6길 11
IBK기업은행365 서울도시철도 엔지니어링,서울 강동구 아리수로87길 32
IBK기업은행365 강일동점365,서울 강동구 아리수로93길 9
IBK기업은행365 둔촌동점365,서울 강동구 양재대로 1317
IBK기업은행365 코오롱상가 정문앞,서울 강동구 진황도로 12
IBK기업은행365 현대프라자상가앞,서울 강동구 진황도로 18
IBK기업은행365 칠형제약국,서울 강동구 진황도로 190
IBK기업은행365 중앙보훈병원 요양병동,서울 강동구 진황도로61길 53
IBK기업은행365 천호동점365,서울 강동구 천호대로 1033
IBK기업은행365 길동점365,서울 강동구 천호대로 1139
IBK기업은행365 KT강동지사,서울 강동구 천호대로175길 39
IBK기업은행365 성화의료재단 대한병원,서울 강북구 도봉로 301
IBK기업은행365 수유역점365,서울 강북구 도봉로 325
IBK기업은행365,서울 강북구 도봉로 65 1층
IBK기업은행365 수유벽산아파트,서울 강북구 삼각산로 137
IBK기업은행365 리빙아울렛,서울 강북구 삼양로 258
IBK기업은행365 수유5동,서울 강북구 삼양로 358
IBK기업은행365 삼양동점365,서울 강북구 솔샘로 253
IBK기업은행365 우성하이퍼마트,서울 강북구 숭인로 3
IBK기업은행365 미아벽산아파트,서울 강북구 인수봉로 18
IBK기업은행365 번동종합상가자동화점,서울 강북구 한천로105길 7
IBK기업은행365 번동주공5단지,서울 강북구 한천로115길 20
IBK기업은행365 신재승산부인과앞(성산빌딩),서울 강서구 가로공원로76길 94
IBK기업은행365 우장산역점365,서울 강서구 강서로 242
IBK기업은행365 가양동점365,서울 강서구 강서로 468
IBK기업은행365 마곡 수명산파크아파트 207동 앞 상가,서울 강서구 강서로47길 158
IBK기업은행365 등촌부영아파트,서울 강서구 강서로56나길 110
IBK기업은행365 강서전화국 앞,서울 강서구 강서로5길 64
IBK기업은행365 가양오토갤러리,서울 강서구 강서로74길 42-11
IBK기업은행365 마곡발산역점365,서울 강서구 공항대로 261
IBK기업은행365 한국해운조합,서울 강서구 공항대로 379
IBK기업은행365 우장산롯데낙천대아파트,서울 강서구 공항대로 382
IBK기업은행365 강서중앙점365,서울 강서구 공항대로 411
IBK기업은행365 강서평생학습관옆,서울 강서구 공항대로 615
IBK기업은행365 플러스존상가,서울 강서구 공항대로41길 34
IBK기업은행365 오피앙오피스텔,서울 강서구 금낭화로 146
IBK기업은행365 우리바다수산,서울 강서구 등촌로 201
IBK기업은행365 목동사거리점365,서울 강서구 등촌로 29
IBK기업은행365 신정여상,서울 강서구 등촌로13아길 20
IBK기업은행365 마곡신방화역365,서울 강서구 방화대로 294
IBK기업은행365 방화2단지/1상가,서울 강서구 방화대로48길 40
IBK기업은행365 강서한강자이타워,서울 강서구 양천로 401
IBK기업은행365 홈플러스가양점,서울 강서구 양천로 431
IBK기업은행365 열린산업개발,서울 강서구 양천로 49
IBK기업은행365 한화비즈메트로,서울 강서구 양천로 551-17
IBK기업은행365 우림비즈니스센터,서울 강서구 양천로 583
IBK기업은행365 염창동점365,서울 강서구 양천로 588
IBK기업은행365 염창동무인점,서울 강서구 양천로 698
IBK기업은행365 동아3차아파트,서울 강서구 양천로 731 동아3차아파트 상가내
IBK기업은행365 가양5단지 일반상가,서울 강서구 양천로57길 36
IBK기업은행365 방화12단지 상가,서울 강서구 양천로6길 28
IBK기업은행365 가양종합상가,서울 강서구 허준로 209
IBK기업은행365 가양테크노타운,서울 강서구 허준로 217
IBK기업은행365 경향교회,서울 강서구 화곡로 375
IBK기업은행365 화곡푸르지오,서울 강서구 화곡로13길 107
IBK기업은행365 서울대IBK커뮤티케이션센터,서울 관악구 관악로 1
IBK기업은행365 관악엔젤빌딩,서울 관악구 관악로 203
IBK기업은행365코너,서울 관악구 구암길 95
IBK기업은행365 서울영어마을 관악캠프,서울 관악구 낙성대로 70
IBK기업은행365 신사시장,서울 관악구 난곡로74길 53
IBK기업은행365 신림동점365,서울 관악구 남부순환로 1440
IBK기업은행365 신원시장,서울 관악구 남부순환로 1578
IBK기업은행365 서울대역점365,서울 관악구 남부순환로 1794
IBK기업은행365 사랑의병원,서울 관악구 남부순환로 1860
IBK기업은행365 낙성대점365,서울 관악구 남부순환로 1962
IBK기업은행365 서울미술고등학교,서울 관악구 남부순환로247길 26
IBK기업은행365 관악두산위브아파트상가,서울 관악구 봉천로 391
IBK기업은행365,서울 관악구 봉천로27길 58
IBK기업은행365 관악드림타운상가,서울 관악구 성현로 80
IBK기업은행365 르네상스쇼핑몰,서울 관악구 신림로 340
IBK기업은행365 삼모더프라임타워,서울 관악구 신원로 35
IBK기업은행365,서울 관악구 신원로3길 20-3
IBK기업은행365 생모리츠빌딩,서울 관악구 쑥고개로 100
IBK기업은행365 봉천8동,서울 관악구 쑥고개로 66
IBK기업은행365 신대방역점365,서울 관악구 조원로 128
IBK기업은행365 KT구로지사앞,서울 관악구 조원중앙로1길 26
IBK기업은행365 관악푸르지오아파트 상가,서울 관악구 청림6길 3
IBK기업은행365 삼성산주공상가앞,서울 관악구 호암로 399
IBK기업은행365 미림여고,서울 관악구 호암로 546
IBK기업은행365 동서울터미널D하차장(시외),서울 광진구 강변역로 50
IBK기업은행365 강변역지너스타워,서울 광진구 강변역로4길 10
IBK기업은행365 동양파라곤,서울 광진구 광나루로 361
IBK기업은행365 구의동점365,서울 광진구 광나루로 520
IBK기업은행365 군자삼거리,서울 광진구 군자로 141
KB국민은행ATM 정도기업,서울 광진구 능동로13길 39
IBK기업은행365 노룬산(무인),서울 광진구 뚝섬로 491
IBK기업은행365 산업인력공단(서울동부지사)점,서울 광진구 뚝섬로32길 38
IBK기업은행365 건대역지점,서울 광진구 아차산로 237 1층
IBK기업은행365 워커힐점365,서울 광진구 아차산로 635
IBK기업은행365 워커힐아파트,서울 광진구 아차산로 637
IBK기업은행365 국립정신건강센터,서울 광진구 용마산로 127
IBK기업은행365 중곡동SK아파트,서울 광진구 용마산로 174
IBK기업은행365 자양골목시장,서울 광진구 자양로15길 101
IBK기업은행365 중곡동점365,서울 광진구 천호대로 579
IBK기업은행365 KT텔레캅빌딩앞,서울 구로구 가마산로 291
IBK기업은행365 개봉현대아파트,서울 구로구 개봉동 481
IBK기업은행365 개봉동점365,서울 구로구 개봉로 60
IBK기업은행365 현대홈타운2단지,서울 구로구 개봉로20길 158
IBK기업은행365 개봉한진아파트,서울 구로구 개봉로3길 87
IBK기업은행365 개봉한진아파트상가,서울 구로구 개봉로3길 87
IBK기업은행365 개봉전화국,서울 구로구 개봉로6길 12-5
IBK기업은행365 오류동1층,서울 구로구 경인로 187 기업은행 오류동지점 1층
IBK기업은행365 엘리시안웨딩홀앞,서울 구로구 경인로 297
IBK기업은행365 한마을아파트관리소,서울 구로구 경인로 382
IBK기업은행365 개봉북점365,서울 구로구 경인로35길 113-8
IBK기업은행365 개봉역(경인선),서울 구로구 경인로40길 47
IBK기업은행365 구로유통단지점365,서울 구로구 경인로53길 8
IBK기업은행365 STX-W타워,서울 구로구 경인로53길 90
IBK기업은행365 공구상가1번지,서울 구로구 경인로54길 4
IBK기업은행365 대림이편한세상4차아파트,서울 구로구 경인로65길 16-15
IBK기업은행365 보광빌딩,서울 구로구 고척동 38-8
IBK기업은행365 드림홈마트옆,서울 구로구 고척로 234
IBK기업은행365 개봉서무인,서울 구로구 고척로21나길 45
IBK기업은행365 미소들병원,서울 구로구 고척로21나길 88-41
IBK기업은행365 한사랑정형외과주차장,서울 구로구 고척로27길 7
IBK기업은행365 고척근린시장,서울 구로구 고척로30길 13-11
IBK기업은행365 대우아파트,서울 구로구 고척로52길 48
IBK기업은행365 인더라인구로1호점,서울 구로구 공원로 63
IBK기업은행365 구로역(경부선),서울 구로구 구로동 589-7
IBK기업은행365 남구로점365,서울 구로구 구로동로 126-2
IBK기업은행365 남구로전통시장,서울 구로구 구로동로26길 58
IBK기업은행365 구로중앙점365,서울 구로구 구로중앙로 215
IBK기업은행365 구로사랑점365,서울 구로구 구로중앙로 60
IBK기업은행365 SK허브수오피스텔,서울 구로구 구일로10길 27
IBK기업은행365 구로두산아파트,서울 구로구 도림로 59
IBK기업은행365 구로디지털중앙점365,서울 구로구 디지털로 242
IBK기업은행365 벽산디지털밸리 3차,서울 구로구 디지털로 271
IBK기업은행365 에이스하이앤드타워,서울 구로구 디지털로 272
IBK기업은행365 지밸리비즈플라자,서울 구로구 디지털로 300
IBK기업은행365 에이스하이-앤드타워2차,서울 구로구 디지털로26길 61
IBK기업은행365 산업기술시험원,서울 구로구 디지털로26길 87
IBK기업은행 365코너 웰크론사옥,서울 구로구 디지털로27길 12
IBK기업은행365 이스페이스-구로-IBK,서울 구로구 디지털로27길 36
IBK기업은행365 에이스테크노타워3차,서울 구로구 디지털로29길 38
IBK기업은행365 구로디지털점365,서울 구로구 디지털로31길 19
IBK기업은행365 키콕스벤처센터 지하1층,서울 구로구 디지털로32길 29
IBK기업은행365 코오롱디지털타워빌란트(1층),서울 구로구 디지털로32길 30
IBK기업은행365 구로동지점현관앞,서울 구로구 디지털로32길 55
IBK기업은행365 구)구로디지털역무인,서울 구로구 디지털로32나길 38
IBK기업은행365 에이스테크노타워8차,서울 구로구 디지털로33길 11
IBK기업은행365 우림e비즈센터2차,서울 구로구 디지털로33길 12
IBK기업은행365 구로삼성IT점365,서울 구로구 디지털로33길 27
IBK기업은행365 이엔씨벤처드림타워,서울 구로구 디지털로33길 55
IBK기업은행365 온수역점365,서울 구로구 부일로 869
IBK기업은행365 힐스테이트아파트,서울 구로구 부일로9길 127 관리실 1층
IBK기업은행ATM 신도림포스빌앞,서울 구로구 새말로 102
IBK기업은행365 월드메르디앙오피스텔,서울 구로구 신도림로 65
IBK기업은행365 온수역경인선,서울 구로구 온수동 51-10
IBK기업은행365 고척동점365,서울 구로구 중앙로 60
IBK기업은행365 강산메디칼프라자,서울 구로구 중앙로 60
IBK기업은행365 와이피피,서울 금천구 가산동 327-30
IBK기업은행365 루벤스,서울 금천구 가산디지털1로 1
IBK기업은행365 SK트윈테크타워 A동,서울 금천구 가산디지털1로 119
IBK기업은행365 SK트윈테크타워 B동,서울 금천구 가산디지털1로 119
IBK기업은행365 가산디지털점365,서울 금천구 가산디지털1로 145
IBK기업은행365 이노플렉스,서울 금천구 가산디지털1로 151
IBK기업은행365 우림라이온스밸리A동지하3층,서울 금천구 가산디지털1로 168
IBK기업은행365 우림라이온스밸리,서울 금천구 가산디지털1로 168
IBK기업은행365 에이스테크노10차,서울 금천구 가산디지털1로 196
IBK기업은행365 독산역점365,서울 금천구 가산디지털1로 2 101호
IBK기업은행365 KCC웰츠밸리,서울 금천구 가산디지털1로 205
IBK기업은행365 코오롱디지털타워,서울 금천구 가산디지털1로 212
IBK기업은행365 벽산6차아파트형공장,서울 금천구 가산디지털1로 219
IBK기업은행365 이앤씨드림타워8차아파트형공장,서울 금천구 가산디지털1로 45 1층
IBK기업은행365 호서대벤처타워,서울 금천구 가산디지털1로 70
IBK기업은행365 파트너스타워,서울 금천구 가산디지털1로 83 1층 로비
IBK기업은행365 대륭테크노타운3차,서울 금천구 가산디지털2로 115
IBK기업은행365 대륭포스타워12차,서울 금천구 가산디지털2로 14
IBK기업은행365 대륭테크노타운1차,서울 금천구 가산디지털2로 18
IBK기업은행365 가산동점365,서울 금천구 가산디지털2로 184
IBK기업은행 가산동지점,서울 금천구 가산디지털2로 184 벽산디지털밸리2차 107호
IBK기업은행365 가산IT밸리점365,서울 금천구 가산디지털2로 53
IBK기업은행365 가산디지털중앙점365,서울 금천구 가산디지털2로 98
IBK기업은행365 독산중앙점365,서울 금천구 가산로 78
IBK기업은행365 벽산타운B상가,서울 금천구 금하로 793
IBK기업은행365 신영프레시젼,서울 금천구 독산동 333-15
IBK기업은행365 구)독산남,서울 금천구 독산로 172
IBK기업은행365 현대지식산업센터,서울 금천구 두산로 70
IBK기업은행365 글로벌아이엔씨,서울 금천구 디지털로 173 1층 로비
IBK기업은행365 원신상사,서울 금천구 디지털로 188
IBK기업은행365 W-Mall,서울 금천구 디지털로 188
IBK기업은행365 갑을그레이트,서울 금천구 디지털로9길 32 1층
IBK기업은행365 가산디지털엠파이어빌딩,서울 금천구 범안로 1130
IBK기업은행365 월드메르디앙,서울 금천구 벚꽃로 254
IBK기업은행365 패션아일랜드,서울 금천구 벚꽃로 278
IBK기업은행365 리더스타워빌딩,서울 금천구 벚꽃로 286
IBK기업은행365 대륭포스트6차,서울 금천구 벚꽃로 298
IBK기업은행365 가산패션타운점365,서울 금천구 벚꽃로 298
IBK기업은행365 가산디지털역점,서울 금천구 벚꽃로 309
IBK기업은행365 성호전자(S),서울 금천구 서부샛길 606
IBK기업은행365 가산테크노점,서울 금천구 서부샛길 606
IBK기업은행365 가산테크노점365,서울 금천구 서부샛길 606
IBK기업은행365 대륭테크노타운6차,서울 금천구 서부샛길 648
IBK기업은행365 KT금천지사,서울 금천구 시흥대로 139
IBK기업은행365 점외365토탈위탁(서울),서울 금천구 시흥대로 139
IBK기업은행365 시흥동점365,서울 금천구 시흥대로 236
IBK기업은행365 위너스스포츠센터,서울 금천구 시흥대로 296
IBK기업은행365 독산동점365,서울 금천구 시흥대로 376
IBK기업은행365 엠배서더호텔,서울 금천구 시흥대로 378
IBK기업은행365 메이퀸웨딩홀,서울 금천구 시흥대로 435
IBK기업은행365 석수역점,서울 금천구 시흥대로 46
IBK기업은행365 점외365토탈위탁(서울),서울 금천구 시흥대로 77 대신빌딩 102호
IBK기업은행365 시흥유통상가,서울 금천구 시흥대로 97
IBK기업은행365 시흥유통센터점365,서울 금천구 시흥대로 97 유통상가A지원101호
IBK기업은행365 금천구청역(경부선),서울 금천구 시흥대로63길 91
IBK기업은행365 남서울럭키아파트입구,서울 금천구 시흥동 990-58
IBK기업은행365 독산한신아파트상가,서울 금천구 한내로 62
IBK기업은행365 라이프3단지상가,서울 노원구 공릉동 715
IBK기업은행365 공릉동점365,서울 노원구 공릉로 147
IBK기업은행365 시영3단지아파트입구,서울 노원구 노원로 331
IBK기업은행365 꽃동산교회,서울 노원구 노원로 420
IBK기업은행365 상계주공9단지아파트 상가,서울 노원구 노원로 532
IBK기업은행365 하계테크노타운,서울 노원구 노원로15길 10 B동
IBK기업은행365 시영4단지365,서울 노원구 노원로19길 31
IBK기업은행365 노원역점365,서울 노원구 노해로 489
IBK기업은행365 상계주공6단지상가,서울 노원구 노해로 506
IBK기업은행365 수락리버시티3단지,서울 노원구 누원로 28
IBK기업은행365 상계역,서울 노원구 덕릉로 690
IBK기업은행365 상계역점365,서울 노원구 덕릉로 690
IBK기업은행365 불암대림아파트,서울 노원구 덕릉로 730
IBK기업은행365코너,서울 노원구 덕릉로126길 46 1층
IBK기업은행365 은광빌딩,서울 노원구 덕릉로73길 15
IBK기업은행365 공릉역점365,서울 노원구 동일로 1073
IBK기업은행365 무지개상가,서울 노원구 동일로 1280
IBK기업은행365 상계주공4단지 상가,서울 노원구 동일로 1366
IBK기업은행365 마들역점365,서울 노원구 동일로 1527
우체국365코너,서울 노원구 동일로 988
IBK기업은행365 시영1단지그린아파트상가,서울 노원구 동일로207길 23
IBK기업은행365 상계주공11단지 복합상가,서울 노원구 동일로227길 85
IBK기업은행365 상계주공14단지(1401동앞),서울 노원구 동일로228길 23
IBK기업은행365 은빛3단지아파트,서울 노원구 동일로250길 17
IBK기업은행365 풍림아파트,서울 노원구 섬밭로 139
IBK기업은행365 태옥빌딩,서울 노원구 수락산로 222
IBK기업은행365 월계사슴2단지상가,서울 노원구 월계로 372
IBK기업은행365 중계동PB센터점365,서울 노원구 중계로 206
IBK기업은행365 청구3차아파트상가앞,서울 노원구 중계로 225
IBK기업은행365 중계주공5단지상가,서울 노원구 중계로 230
IBK기업은행365 영신여자고등학교,서울 노원구 중계로16나길 13
IBK기업은행365 인덕대학 후문,서울 노원구 초안산로 7
IBK기업은행365 월계2단지상가앞,서울 노원구 초안산로 7
IBK기업은행365 중계주공3단지아파트,서울 노원구 한글비석로 331
IBK기업은행365 중계주공2단지상가,서울 노원구 한글비석로 332
IBK기업은행365 벽산아파트상가,서울 노원구 한글비석로 396
IBK기업은행365 상계보람아파트상가,서울 노원구 한글비석로 474
IBK기업은행365 중계6단지중계마트앞,서울 노원구 한글비석로8길 41
IBK기업은행365 정의여고,서울 도봉구 노해로49길 69
IBK기업은행365 도봉화인마트(S),서울 도봉구 덕릉로 358
IBK기업은행365 성주개발창동지점,서울 도봉구 덕릉로63가길 68
IBK기업은행365 방학동도깨비시장,서울 도봉구 도당로13다길 33
IBK기업은행365 삼환프라자,서울 도봉구 도봉로 575
IBK기업은행365 방학동점365,서울 도봉구 도봉로 683
IBK기업은행365 염광교회,서울 도봉구 도봉로120길 16
IBK기업은행365 서원아파트상가앞,서울 도봉구 마들로 684-19
IBK기업은행365 도봉동,서울 도봉구 마들로 727-1
IBK기업은행365 인제빌딩(덕성여대입구),서울 도봉구 삼양로 544
IBK기업은행365 신풍천슈퍼,서울 도봉구 시루봉로 205
IBK기업은행365 성원아파트상가,서울 도봉구 시루봉로 88
IBK기업은행365 동아상가,서울 도봉구 창동 26
IBK기업은행365 구)경동시장출장소,서울 동대문구 고산자로 459
IBK기업은행365 제기동 한신아파트정문,서울 동대문구 고산자로 534
IBK기업은행365 장안동점365,서울 동대문구 답십리로 276
IBK기업은행365 바우하우스,서울 동대문구 답십리로 288
IBK기업은행365 회기역무인,서울 동대문구 망우로21길 4
IBK기업은행365 신동아아파트정문,서울 동대문구 무학로26길 16
IBK기업은행365 전농동아아파트상가,서울 동대문구 서울시립대로 31
IBK기업은행365 동화세상 에듀코,서울 동대문구 왕산로 25
IBK기업은행365 신설동점365,서울 동대문구 왕산로 6
IBK기업은행 회기역출장소,서울 동대문구 이문로 53
IBK기업은행365 산업인력공단 서울지부,서울 동대문구 장안벚꽃로 279
IBK기업은행365 장안힐스테이트상가,서울 동대문구 장안벚꽃로1길 7
IBK기업은행365 KT전농분국앞,서울 동대문구 전농동 295-24
IBK기업은행365 청솔우성1차아파트상가,서울 동대문구 전농로10길 20
IBK기업은행365 답십리점365,서울 동대문구 천호대로 233
IBK기업은행365 한국도자기,서울 동대문구 청계천로 447
IBK기업은행365 청계8가점365,서울 동대문구 청계천로 471
IBK기업은행365 이화빌딩앞,서울 동대문구 한천로 165
IBK기업은행365 휘경주공1단지,서울 동대문구 한천로 248
IBK기업은행365 쌍용아파트116동앞,서울 동대문구 한천로58길 75-45
IBK기업은행365 청량리점365,서울 동대문구 홍릉로 1
IBK기업은행365 서울자동차부품상가,서울 동대문구 황물로 190
IBK기업은행365 중앙하이츠아파트 상가앞,서울 동대문구 휘경로11길 52
IBK기업은행365 본동래미안아파트,서울 동작구 노량진로23가길 23
IBK기업은행365 서울공업고등학교,서울 동작구 대방동1길 46
IBK기업은행365 사당역점365,서울 동작구 동작대로 27
IBK기업은행365 보라매점365,서울 동작구 보라매로5가길 24
IBK기업은행365 사당자유시장(무인),서울 동작구 사당로 244
IBK기업은행365 예림고시원숭실대정문입구,서울 동작구 사당로 26
IBK기업은행365 상도동 우리빌딩,서울 동작구 성대로 43
IBK기업은행365 성원상떼빌상가앞,서울 동작구 신대방1가길 38
IBK기업은행365 중소기업연구원,서울 동작구 신대방1가길 77
IBK기업은행365,서울 동작구 여의대방로 136
IBK기업은행365 노량진점365,서울 동작구 장승배기로 128
IBK기업은행365 고운소아청소년과의원,서울 동작구 장승배기로 34
IBK기업은행365 도화삼성아파트 정문앞,서울 마포구 도화길 32
IBK기업은행365 마포점365,서울 마포구 마포대로 114
IBK기업은행365 공덕동점365,서울 마포구 마포대로 163
IBK기업은행365 마포역점365,서울 마포구 마포대로 20
IBK기업은행365 마포중앙점,서울 마포구 마포대로 53
IBK기업은행365 빈트리이백이십오,서울 마포구 망원로 22
IBK기업은행365 상암동 주민자치센터앞,서울 마포구 매봉산로2길 16
IBK기업은행365 마포펜트라우스,서울 마포구 백범로 205
IBK기업은행365 YTN뉴스퀘어,서울 마포구 상암산로 76
IBK기업은행365 YTN(출)점365,서울 마포구 상암산로 76
IBK기업은행365 도화현대홈타운아파트,서울 마포구 새창로8길 72
IBK기업은행365 신수동점365,서울 마포구 서강로 105
IBK기업은행365 DMC타워 1층,서울 마포구 성암로 189
IBK기업은행365 상암동점365,서울 마포구 성암로 189
IBK기업은행365 MBC 미디어센터 1층,서울 마포구 성암로 255
IBK기업은행365 MBC점365,서울 마포구 성암로 267
IBK기업은행365 MBC 경영센터 1층,서울 마포구 성암로 267
IBK기업은행365 MBC 경영센터 6층,서울 마포구 성암로 267
IBK기업은행365 MBC방송센터 1층,서울 마포구 성암로 267
IBK기업은행365 MBC 경영센터 13층,서울 마포구 성암로 267
IBK기업은행365 홍대역점365,서울 마포구 양화로 148
IBK기업은행365 성산임대아파트상가앞,서울 마포구 월드컵로 205
IBK기업은행365 마포농수산물시장,서울 마포구 월드컵로 235
IBK기업은행365 서교동점365,서울 마포구 월드컵로 59
IBK기업은행365 망원원천빌딩,서울 마포구 월드컵로 74
IBK기업은행365 누리꿈스퀘어,서울 마포구 월드컵북로 396 7층
IBK기업은행365 하나프라자상암월드컵파크9단지,서울 마포구 월드컵북로 497
IBK기업은행365 남가좌현대아파트상가,서울 서대문구 가재울로 45
IBK기업은행365 남가좌동점365,서울 서대문구 가좌로 143
기업은행,서울 서대문구 거북골로 148
IBK기업은행365 삼호아파트상가,서울 서대문구 거북골로14길 5
IBK기업은행365 약수반석빌딩,서울 서대문구 문화촌길 6
IBK기업은행365 북아현동점365,서울 서대문구 북아현로 22
IBK기업은행365 추계예술대학교,서울 서대문구 북아현로11가길 7
IBK기업은행365 홍은동벽산아파트상가,서울 서대문구 세검정로1길 93
IBK기업은행365 신촌점365,서울 서대문구 신촌로 67
IBK기업은행365 북가좌동점365,서울 서대문구 응암로 107
IBK기업은행365 양재역점365,서울 서초구 강남대로 216
IBK기업은행 강남대로점365,서울 서초구 강남대로 305
IBK기업은행365 강남대로중앙점365,서울 서초구 강남대로 341
IBK기업은행365 알로에마임본사,서울 서초구 남부순환로 2383
IBK기업은행365 예술의전당,서울 서초구 남부순환로 2406
IBK기업은행365 이수역점365,서울 서초구 동작대로 134
IBK기업은행365 양재동점365,서울 서초구 마방로10길 25
IBK기업은행365 대한불교 천태종관문사,서울 서초구 바우뫼로7길 111
IBK기업은행365 이스트소프트,서울 서초구 반포대로 3
IBK기업은행365 반포점365,서울 서초구 반포대로 304
IBK기업은행365 반포래미안 커뮤니티센터,서울 서초구 반포동 18-1
IBK기업은행365 방배중앙점365,서울 서초구 방배로 226
IBK기업은행365 서초동점365,서울 서초구 사평대로 369
IBK기업은행365 교대역점365,서울 서초구 서초대로 275
IBK기업은행365 비트컴퓨터정문,서울 서초구 서초대로74길 33 비트빌
IBK기업은행365 강남역365,서울 서초구 서초대로77길 17 1층
IBK기업은행365 서초남점365,서울 서초구 서초중앙로 63
IBK기업은행365 반포쇼핑타운2동 구)반포중앙,서울 서초구 신반포로 165
IBK기업은행365 코스트코-양재(B1-1),서울 서초구 양재대로 159
IBK기업은행365 반포자이WM센터점365,서울 서초구 잠원로 24
IBK기업은행365 거목상가앞,서울 서초구 잠원로4길 34-4
IBK기업은행365 서초3동점365,서울 서초구 효령로 210
IBK기업은행365 남부터미널앞(좌),서울 서초구 효령로 292
IBK기업은행365 터미널서울남부4,서울 서초구 효령로 292
IBK기업은행365 국제전자센터9-1,서울 서초구 효령로 304
IBK기업은행365 서초중앙점365,서울 서초구 효령로 321
IBK기업은행365 방배동점365,서울 서초구 효령로34길 4
IBK기업은행365 서울숲IT캐슬,서울 성동구 광나루로 130
IBK기업은행365 우림e-biz센터,서울 성동구 광나루로6길 35 1층로비
IBK기업은행365 혜성슈퍼,서울 성동구 금호동4가 535-1
IBK기업은행365 금호동벽산아파트,서울 성동구 금호로 100
IBK기업은행365 성수2가점365,서울 성동구 동일로 81
IBK기업은행365 마장동점365,서울 성동구 마장로 309
IBK기업은행365 마장세림아파트,서울 성동구 마장로42길 14
IBK기업은행365 GS25 한양제일점,서울 성동구 마조로 21
IBK기업은행365 라성아카데미,서울 성동구 성수이로 118
IBK기업은행365 뚝섬역점365,서울 성동구 성수일로 55
IBK기업은행365 서울숲코오롱디지털1차,서울 성동구 성수일로4길 25
IBK기업은행365 성수희망점365,서울 성동구 아차산로 153
IBK기업은행365 성수동점365,서울 성동구 연무장7길 16
IBK기업은행365 리오파크,서울 성동구 왕십리로 381-1
IBK기업은행365 삼정EDM,서울 성동구 자동차시장1길 96
IBK기업은행365 장한평점365,서울 성동구 천호대로 436
IBK기업은행365 성동사회복지관,서울 성동구 청계천로 506
IBK기업은행 365코너 행당대림아파트,서울 성동구 행당동 347
IBK기업은행365 코오롱아파트상가,서울 성북구 돌곶이로8길 71
IBK기업은행365 보문클리닉빌딩,서울 성북구 보문동2가 136
IBK기업은행365 에이스메디컬,서울 성북구 보문로 61
IBK기업은행365 세븐일레븐한성대입구,서울 성북구 삼선교로10길 16
IBK기업은행365 한성대학교 미래관,서울 성북구 삼선교로16길 116
IBK기업은행365 한성대학교(출),서울 성북구 삼선교로16길 116
IBK기업은행365 한성대학교(출)점365,서울 성북구 삼선교로16길 116
IBK기업은행365 뮤직랜드,서울 성북구 석관동 167-7
IBK기업은행365 돈암동점365,서울 성북구 아리랑로 3
IBK기업은행365 안암동점365,서울 성북구 안암로 119
IBK기업은행365 고려대학교산학관,서울 성북구 안암로 145
IBK기업은행365 구)드림랜드,서울 성북구 월계로40길 7
IBK기업은행365 이상갈비,서울 성북구 정릉로 395
IBK기업은행365 래미안라센트,서울 성북구 종암동 134
IBK기업은행365 종암동점365,서울 성북구 종암로 108
IBK기업은행365 청송일식,서울 성북구 종암로 37
IBK기업은행365 상아빌딩,서울 성북구 종암로 73
IBK기업은행365 노블레스타워,서울 성북구 종암로 90
IBK기업은행365 종암선경아파트,서울 성북구 종암로24가길 53
IBK기업은행365 현대아이파크2차정문앞,서울 성북구 종암로9길 71
IBK기업은행365 성북종합레포츠타운,서울 성북구 한천로58길 307
IBK기업은행365 장위동점365,서울 성북구 화랑로 251
IBK기업은행365 월곡시장상가앞,서울 성북구 화랑로11길 26
IBK기업은행365 석관동두산아파트상가,서울 성북구 화랑로48길 16
IBK기업은행365 윤한의원,서울 송파구 마천로 263
IBK기업은행365 방이역점365,서울 송파구 마천로5길 4
IBK기업은행365 우성아파트4차상가,서울 송파구 백제고분로18길 26
IBK기업은행365 문정법조타운점365 2층,서울 송파구 법원로11길 7
IBK기업은행365 문정법조타운점365 1층,서울 송파구 법원로11길 7
IBK기업은행365 석촌고분역점365,서울 송파구 삼학사로 48 1층
IBK기업은행365 대우래이크월드앞,서울 송파구 석촌호수로 298
IBK기업은행365 송파점365,서울 송파구 송파대로 422
IBK기업은행365 KT가락지사,서울 송파구 송파대로30길 40
IBK기업은행365 거여1단지상가,서울 송파구 양산로8길 8
IBK기업은행365 잠실나루역3-2,서울 송파구 오금로 20
IBK기업은행365 잠실나루역2-2,서울 송파구 오금로 20
IBK기업은행365 서울병원,서울 송파구 오금로36길 4-23
IBK기업은행365 잠실엘스점365,서울 송파구 올림픽로 119
IBK기업은행365 롯데월드몰캐주얼동 2층,서울 송파구 올림픽로 300
IBK기업은행365 가락동점365,서울 송파구 중대로 97
IBK기업은행365 송파파인타운5단지,서울 송파구 충민로4길 5
IBK기업은행365 승일운수,서울 송파구 충민로6길 61-6
IBK기업은행365 씨티극동아파트,서울 송파구 한가람로 478
IBK기업은행365 등촌역점365,서울 양천구 공항대로 556
IBK기업은행365 홍익병원목동관,서울 양천구 등촌로 22
IBK기업은행365 목동2단지아파트상가,서울 양천구 목동 902
IBK기업은행365 조계종국제선센터,서울 양천구 목동동로 167
IBK기업은행365 목동쉐르빌점365,서울 양천구 목동동로 189 목동삼성쉐르빌1단지1층
IBK기업은행365 목동WM센터점365,서울 양천구 목동동로 401 부영그린2차 108호
IBK기업은행365 홍익병원앞,서울 양천구 목동로 219
IBK기업은행365 홍익병원,서울 양천구 목동로 227 홍익병원신관 1층 쉼터
IBK기업은행365 양천아파트상가,서울 양천구 목동로3길 57
IBK기업은행365,서울 양천구 신월동 987-1
IBK기업은행365 신정동점365,서울 양천구 신월로 291
IBK기업은행365 신월시영상가,서울 양천구 신월로 99
IBK기업은행365 자원봉사센터,서울 양천구 신정동 1092
IBK기업은행365 목동13단지A상가,서울 양천구 신정동 327
IBK기업은행365 신트리테크노타운,서울 양천구 신정로 267
IBK기업은행365 두산학마을1단지아파트,서울 양천구 신정로14길 6
IBK기업은행365 GS슈퍼 양천신은점,서울 양천구 신정이펜2로 12-1
IBK기업은행365 목동역1번출구,서울 양천구 오목로 233
IBK기업은행365 오목교역점365,서울 양천구 오목로 325
IBK기업은행365 오목썬택시티빌딩,서울 양천구 오목로 350
IBK기업은행365 샤르망오피스텔 입구,서울 양천구 월정로 101
IBK기업은행365 우성상가,서울 양천구 지양로 78
IBK기업은행365 신월사거리점-G,서울 양천구 화곡로 50
IBK기업은행365 태양석유제3중앙주유소,서울 영등포구 가마산로 414
IBK기업은행365 문래하이테크점365,서울 영등포구 경인로 775
IBK기업은행365 영등포역경부선,서울 영등포구 경인로 846
IBK기업은행365 영등포벽산디지털밸리,서울 영등포구 경인로71길 70
IBK기업은행365 센터플러스아파트형공장,서울 영등포구 경인로82길 3-4
IBK기업은행365 여의도IFC몰지하1층,서울 영등포구 국제금융로 10
IBK기업은행365 여의도IFC점365,서울 영등포구 국제금융로 10
IBK기업은행365 국제금융센터,서울 영등포구 국제금융로 10 지하2층
IBK기업은행365 동여의도점365,서울 영등포구 국제금융로 52
IBK기업은행365 IBK투자증권,서울 영등포구 국제금융로6길 11
IBK기업은행365 삼성생명서비스손해사정,서울 영등포구 국회대로 559
IBK기업은행365 여의도순복음교회,서울 영등포구 국회대로76길 15
IBK기업은행365 순복음교회선교센터,서울 영등포구 국회대로76길 15
IBK기업은행365 홈플러스영등포점지하1층(우),서울 영등포구 당산로 42
IBK기업은행 ATM기,서울 영등포구 당산로 95
IBK기업은행365 당산2가현대아파트상가,서울 영등포구 당산로 95
IBK기업은행365 에이스테크노타워,서울 영등포구 당산로2길 12
IBK기업은행365 대림동점365,서울 영등포구 대림로 195
IBK기업은행365 문래동점365,서울 영등포구 도림로128길 2
IBK기업은행ATM,서울 영등포구 도신로 106 1층
IBK기업은행365 우성상가앞신길동,서울 영등포구 도신로 68
IBK기업은행365 신길동점365,서울 영등포구 도신로60길 1
IBK기업은행365 하나빌딩,서울 영등포구 도영로 18
IBK기업은행365 문래금호어울림 아파트,서울 영등포구 문래동3가 97
IBK기업은행365 산업인력공단(서울남부지사),서울 영등포구 버드나루로 110
IBK기업은행365 양평동점365,서울 영등포구 선유로 146
IBK기업은행365 코스트코-양평(B1-1),서울 영등포구 선유로 156
IBK기업은행365 문래동대륭빌딩앞,서울 영등포구 선유로 27
IBK기업은행365 문래중앙점365,서울 영등포구 선유로 49
IBK기업은행365 KT대방지사앞,서울 영등포구 신길로 28
IBK기업은행365 월드메르디앙 Biz center,서울 영등포구 양산로 53
IBK기업은행365 양평이노플렉스,서울 영등포구 양산로 57-5
IBK기업은행365 양평보보점,서울 영등포구 양산로7길 3
IBK기업은행365 아이에스비즈타워,서울 영등포구 양평로21길 26
IBK기업은행365 선유도코오롱 디지털타워,서울 영등포구 양평로22길 21
IBK기업은행365 선유도역지점,서울 영등포구 양평로25길 8 2층
IBK기업은행365 여의도점365,서울 영등포구 여의나루로 81
IBK기업은행365 LG트윈타워(동관),서울 영등포구 여의대로 128
IBK기업은행365 금융감독원,서울 영등포구 여의대로 38
IBK기업은행365 삼환아파트 상가옆,서울 영등포구 여의대방로43나길 25
IBK기업은행365 시립청소년직업센터,서울 영등포구 영신로 200
IBK기업은행365 당산동점365,서울 영등포구 영신로 220
IBK기업은행365 영등포전화국,서울 영등포구 영중로 119
IBK기업은행365 영등포점365,서울 영등포구 영중로 13
IBK기업은행365 서여의도점365,서울 영등포구 은행로 30
IBK기업은행365 국회의원회관,서울 영등포구 의사당대로 1
IBK기업은행365 여의도한국증권점365,서울 영등포구 의사당대로 88
IBK기업은행365 용산중앙점365,서울 용산구 녹사평대로 240
IBK기업은행365 동빙고 푸르지오,서울 용산구 녹사평대로 66
IBK기업은행365 순천향대서울병원 모자동,서울 용산구 대사관로 59
IBK기업은행365 순천향대서울병원 별관,서울 용산구 대사관로 59
IBK기업은행365 한국폴리텍I대학,서울 용산구 보광로 73
IBK기업은행365 용산전자점365,서울 용산구 새창로 181
IBK기업은행365 해방촌,서울 용산구 소월로20길 31
IBK기업은행365 용산2가,서울 용산구 소월로20길 31
IBK기업은행365 구)용산2가,서울 용산구 신흥로 53
IBK기업은행365 남산 N-TOWER,서울 용산구 용산동2가 산 1-11
IBK기업은행365 이태원대광빌딩,서울 용산구 우사단로 47
IBK기업은행365 원효로점365,서울 용산구 원효로 142
IBK기업은행365 아세아항공전문학교,서울 용산구 원효로97길 25
IBK기업은행365 동부이촌동PB센터점365,서울 용산구 이촌로 182
IBK기업은행365 제일기획,서울 용산구 이태원로 222
IBK기업은행365 서울용산국제학교,서울 용산구 이태원로 285
IBK기업은행365 이태원시장,서울 용산구 이태원로14길 6
IBK기업은행365 이태원시장상가 1층,서울 용산구 이태원로14길 6
IBK기업은행365 GS슈퍼보광앞,서울 용산구 장문로 96
IBK기업은행365 숙대입구럭키마트앞,서울 용산구 청파로47나길 4
IBK기업은행365 용산점365,서울 용산구 한강대로 264-1
IBK기업은행365 한남동WM센터점365,서울 용산구 한남대로 72
IBK기업은행365 삼원빌라트앞,서울 용산구 회나무로 45-1
IBK기업은행365 서안약국,서울 용산구 효창원로 142
IBK기업은행365 구산역4번출구,서울 은평구 갈현동 465-12
IBK기업은행365 북한산힐스테이트앞,서울 은평구 불광로 122-10
IBK기업은행365 수색점365,서울 은평구 수색로 256
IBK기업은행365 은평연세병원,서울 은평구 연서로 177
IBK기업은행365 연신내메디컬센터앞,서울 은평구 연서로 246
IBK기업은행365 응암동점365,서울 은평구 은평로 210
IBK기업은행365 CJ드림시티오피스텔,서울 은평구 은평로 85
IBK기업은행365 수색대림한숲아파트,서울 은평구 은평터널로 65
IBK기업은행365 백련산힐스테이트1차아파트,서울 은평구 응암동 759
IBK기업은행365 인정병원,서울 은평구 응암로 164
IBK기업은행365 홈플(익)응암점,서울 은평구 응암로 247
IBK기업은행365 새절역4번출구(복지빌딩),서울 은평구 증산로 403-1
IBK기업은행365 은평뉴타운2지구상가129동,서울 은평구 진관1로 21-10
IBK기업은행365 구)은평뉴타운,서울 은평구 진관4로 78-8 은평뉴타운 상림마을 701동 106호
IBK기업은행365 대원약국,서울 은평구 진흥로1길 2
IBK기업은행365 불광역점365,서울 은평구 통일로 725
IBK기업은행365 경락한의원,서울 은평구 통일로 912
IBK기업은행365 롯데시네마피카디리앞,서울 종로구 돈화문로5가길 1
IBK기업은행365 대학로점365,서울 종로구 동숭길 101
IBK기업은행365 감사원,서울 종로구 북촌로 112 감사원 1층
IBK기업은행365 LG광화문점365,서울 종로구 새문안로 58
IBK기업은행365 인사동점365,서울 종로구 인사동5길 25
IBK기업은행365 종로점365,서울 종로구 종로 104
IBK기업은행365 동대문점365,서울 종로구 종로 189
IBK기업은행365 동대문,서울 종로구 종로 189
IBK기업은행365 종로6가점365,서울 종로구 종로 266
IBK기업은행365 독립문점365,서울 종로구 통일로 246-10
IBK기업은행365 남대문시장점365,서울 중구 남대문로 12
IBK기업은행365 대도종합상가,서울 중구 남대문시장4길 9
IBK기업은행365 매직웨딩라루체,서울 중구 남산동1가 13-6
IBK기업은행365 약수동점365,서울 중구 다산로 112
IBK기업은행365 남산타운아파트,서울 중구 다산로 32 남산타운5상가 내
IBK기업은행365 방산종합시장,서울 중구 동호로37길 20
IBK기업은행365 금호트윈오피스텔,서울 중구 마른내로 155
IBK기업은행365 을지로점365,서울 중구 마른내로 72
IBK기업은행365 제일평화시장 2층,서울 중구 마장로 13
IBK기업은행365 경찰기동본부,서울 중구 마장로 45
IBK기업은행365 아트프라자,서울 중구 마장로1길 28
IBK기업은행365 무교점365,서울 중구 무교로 20
IBK기업은행365 서소문지점1층,서울 중구 서소문로 120
IBK기업은행365 서소문점,서울 중구 서소문로 120
IBK기업은행365 남대문점365,서울 중구 세종대로 17 YTN타워 1층
IBK기업은행365 청구e편한세상아파트,서울 중구 신당동 45
하나은행365 구.을지로기업센터,서울 중구 을지로 167 1층
IBK기업은행365 동대문시장 굿모닝시티B,서울 중구 을지로 255
IBK기업은행365 SK T-TOWER,서울 중구 을지로 65
IBK기업은행365 영업부점365,서울 중구 을지로 79
IBK기업은행365 IBK파이낸스타워,서울 중구 을지로 82
IBK기업은행365 중부시장,서울 중구 을지로32길 33
IBK기업은행365 밀레오레상가1층,서울 중구 장충단로 263
IBK기업은행365 을지6가점365,서울 중구 장충단로 263
IBK기업은행365 남평화상가 주차장,서울 중구 장충단로 282-10
IBK기업은행365 시그니쳐타워,서울 중구 청계천로 100
IBK기업은행365 청계5가점,서울 중구 청계천로 206-1
IBK기업은행365 평화시장진영화학,서울 중구 청계천로 260-6 통일상가 B동 1층
IBK기업은행365 청평화상가 서편,서울 중구 청계천로 334
IBK기업은행365 청계7가점365,서울 중구 청계천로 400
IBK기업은행365 퇴계로점365,서울 중구 충무로5가 89
IBK기업은행365 명동역점365,서울 중구 퇴계로 109
IBK기업은행365 연세상회앞 KT결합부스,서울 중구 퇴계로 39
IBK기업은행365 신당역365,서울 중구 퇴계로 439
IBK기업은행365 정화예술대학,서울 중구 퇴계로16길 21
IBK기업은행365 구)신당동지점,서울 중구 퇴계로86가길 6
IBK기업은행365 정화예술대학 남산캠퍼스,서울 중구 퇴계로8길 73
IBK기업은행365 면목동점365,서울 중랑구 겸재로 154
IBK기업은행365 사랑방화로구이,서울 중랑구 겸재로 264
IBK기업은행365 중화동점365,서울 중랑구 동일로 843
IBK기업은행365 태능엔터피아,서울 중랑구 동일로129길 35
IBK기업은행365 코스트코상봉점,서울 중랑구 망우로 336
IBK기업은행365 삼부빌딩,서울 중랑구 망우로 410
IBK기업은행365 두산마트-면목(S),서울 중랑구 면목동 1522
IBK기업은행365 신내11단지아파트상가,서울 중랑구 봉화산로 189
IBK기업은행365 동성타워프라자-신내,서울 중랑구 봉화산로 221
IBK기업은행365 신내중앙하이츠아파트상가,서울 중랑구 봉화산로56길 123
IBK기업은행365 신내빌딩,서울 중랑구 신내로 71
IBK기업은행365 홈플(익)망우점,서울 중랑구 용마산로 494
