NH농협은행 365코너 양재지점,서울 강남구 강남대로 278
NH농협은행 365코너 강남역금융센터,서울 강남구 강남대로 388 2층
영동농협365 강남지점,서울 강남구 강남대로128길 5
서울축산농협 365코너 대청역지점,서울 강남구 개포로109길 9
NH농협은행 365코너 송파농협수서동지점,서울 강남구 광평로 230
NH농협은행 365코너 압구정역지점,서울 강남구 논현로 842
NH농협은행 365코너 신사동금융센터,서울 강남구 도산대로 125
NH농협은행 365코너 압구정동지점,서울 강남구 도산대로 447
NH농협은행 365코너 일원동지점,서울 강남구 양재대로55길 6
NH농협은행 365코너 청담동지점,서울 강남구 영동대로 726
NH농협은행 365코너 선릉지점,서울 강남구 테헤란로 309
NH농협생명 강남지점,서울 강남구 테헤란로 309 삼성제일빌딩 2층
NH농협은행 365코너 논현동지점,서울 강남구 학동로 158
NH농협은행 365코너 송파농협세곡동지점,서울 강남구 헌릉로637길 22
농협ATM 명일동지점,서울 강동구 고덕로 262
NH농협은행 365코너 광주지구축산농협 고덕지점,서울 강동구 고덕로 353
강동농협365오토뱅크,서울 강동구 구천면로 250
NH농협은행 365코너 강동농협,서울 강동구 구천면로 331
NH농협은행 365코너 강동농협곡교지점,서울 강동구 구천면로34길 16
NH농협은행 365코너 서울축산농협천호중앙지점,서울 강동구 상암로 173
NH농협은행 365코너 서울경기양돈농협,서울 강동구 상암로 92
NH농협은행 365코너 서울축산농협상일동지점,서울 강동구 상일로 33
강동농협365오토뱅크,서울 강동구 성안로 76
NH농협은행 365코너 성내동지점,서울 강동구 올림픽로 528
NH농협은행 365코너 영업부,서울 강동구 올림픽로 528
NH농협은행 365코너 서울영업부,서울 강동구 올림픽로 528 1층
NH농협은행 365코너 강동농협길동지점,서울 강동구 진황도로 39
강동농협365 강동농협길일지점,서울 강동구 천중로 200
NH농협은행 365코너 한국양토양록농협길동역지점,서울 강동구 천호대로187길 74
NH농협은행 365코너 강동농협성내지점,서울 강동구 풍성로37길 44
NH농협은행 365코너 수유지점,서울 강북구 도봉로 261
농협중앙회ATM 쌍문동지점,서울 강북구 도봉로 373
NH농협은행 365코너 서울경기양돈농협길음동지점,서울 강북구 숭인로 63
NH농협은행 365코너 서울우유농협수유지점,서울 강북구 한천로 1091
NH농협은행 365코너 강서농협발산지점,서울 강서구 강서로 300
NH농협은행 365코너 강서농협가양지점,서울 강서구 강서로 489
NH농협은행 365코너 강서농협까치산역지점,서울 강서구 강서로 62
NH농협은행 365코너 서울축산농협우장산역지점,서울 강서구 강서로45길 13
NH농협은행 365코너 한국양토농협화곡남지소,서울 강서구 강서로5나길 77
NH농협은행 365코너 화곡중앙지점,서울 강서구 곰달래로 253
NH농협은행 365코너 공항동지점,서울 강서구 공항대로 11
NH농협은행 365코너 강서농협,서울 강서구 금낭화로 127
NH농협은행 365코너 강서농협방화지점,서울 강서구 방화동로 85
NH농협은행 365코너 서울축산농협,서울 강서구 양천로 600
NH농협은행 365코너 서울축산농협염창동지점,서울 강서구 양천로 706 태진가람아파트상가 1층
NH농협은행 365코너 서울축산농협화곡역지점,서울 강서구 화곡로 185
NH농협은행 365코너 서울대학교지점공대출장소,서울 관악구 관악로 1 공과대학 131동
NH농협은행 365코너 서울대학교지점,서울 관악구 관악로 1 수의과대학
NH농협은행 365코너 서울대학교지점,서울 관악구 관악로 1 연구공원 내 벤처연구동
NH농협은행 365코너 서울대학교지점,서울 관악구 관악로 1 자연과학대학
NH농협은행 365코너 서울대학교지점,서울 관악구 관악로 1 포스코체육관
NH농협은행 365코너 한국양봉농협서울대입구역지점,서울 관악구 관악로 220
NH농협은행 365코너 난곡지점,서울 관악구 난곡로 220
NH농협은행 365코너 관악농협난향지점,서울 관악구 난곡로 84
NH농협은행 365코너 관악농협,서울 관악구 남부순환로 1369
NH농협은행 365코너 서울축산농협봉천역지점,서울 관악구 남부순환로 1722
농협ATM 낙성대역지점,서울 관악구 남부순환로 1931
NH농협은행 365코너 남서울농협남현동지점,서울 관악구 남부순환로 2056
NH농협은행 365코너 관악농협보라매지점,서울 관악구 보라매로 12
NH농협은행 365코너 관악농협신본지점,서울 관악구 신림로 264
NH농협은행 365코너 서울축산농협낙성대지점,서울 관악구 인헌6길 16 1층
NH농협은행 365코너 관악농협신우지점,서울 관악구 호암로 529
NH농협은행 365코너 관악농협신림지점,서울 관악구 호암로 603
NH농협은행 365코너 중앙농협구의지점,서울 광진구 광나루로 614
NH농협은행 365코너 중앙농협구의역지점,서울 광진구 구의로 7 1층
NH농협은행 365코너 중앙농협이튼타워지점,서울 광진구 능동로 50
NH농협은행 365코너 중앙농협,서울 광진구 뚝섬로 639
NH농협은행 365코너 중앙농협이튼타워지점,서울 광진구 뚝섬로23길 27 노룬산시장 내
NH농협은행 365코너 한국양토양록농협,서울 광진구 영화사로 24
NH농협은행 365코너 중앙농협중곡지점,서울 광진구 용마산로 120
NH농협은행 365코너 자양로지점,서울 광진구 자양로 126
NH농협은행 365코너 중앙농협군자지점,서울 광진구 천호대로 530 1층
경서농협 개봉역지점 365코너,서울 구로구 개봉로 58
경서농협 개명지점 365코너,서울 구로구 개봉로3길 60
경서농협 개봉지점 365코너,서울 구로구 경인로 313
NH농협은행 365코너 경서농협고척지점,서울 구로구 경인로47길 88
경서농협 오류지점 365코너,서울 구로구 고척로6길 66
NH농협은행 365코너 구로지점,서울 구로구 구로동로 124
NH농협은행 365코너 영등포농협구일역지점,서울 구로구 구일로10길 27
경서농협 수궁지점 365코너,서울 구로구 부일로15길 20
경서농협 항동지점 365코너,서울 구로구 연동로 197 아이언타워 101호
경서농협 천왕역지점 365코너,서울 구로구 오류로 54-3
NH농협은행 365코너 영등포농협가산디지털지점,서울 금천구 가산로 151
NH농협은행 365코너 관악농협,서울 금천구 남부순환로 1366
NH농협은행 365코너 관악농협문성지점,서울 금천구 남부순환로 1428
NH농협은행 365코너 서울축산농협독산역지점,서울 금천구 범안로 1204
NH농협은행 365코너 시흥동지점,서울 금천구 시흥대로 215
NH농협은행 365코너 관악농협금천지점,서울 금천구 탑골로 2
NH농협은행 365코너 태릉지점,서울 노원구 공릉로 232 서울과학기술대학교 내
NH농협은행365코너 북서울농협월계지점,서울 노원구 광운로 48
NH농협은행 365코너 서울우유농협화랑대역지점,서울 노원구 노원로1길 67
NH농협은행 365코너 노원역지점,서울 노원구 노해로 455
NH농협은행 365코너 서울원예농협노원지점,서울 노원구 덕릉로 603 삼화빌딩 1층
NH농협은행 365코너 서울축산농협공릉지점,서울 노원구 동일로 1029
NH농협은행 365코너 중계동지점,서울 노원구 동일로 1351
NH농협은행 365코너 상계동지점,서울 노원구 상계로27길 26
NH농협은행 365코너 서울축산농협석계역지점,서울 노원구 석계로 17
NH농협은행 365코너 태릉지점,서울 노원구 화랑로 447
NH농협은행 365코너 양주축협창동역지소,서울 도봉구 노해로63다길 41
NH농협은행 365코너 양주축협방학지점,서울 도봉구 도당로 76
NH농협은행 365코너 창동신유통지점,서울 도봉구 마들로11길 20
NH농협은행 365코너 서울축산농협전농지점,서울 동대문구 답십리로 78
NH농협은행 365코너 청량리지점,서울 동대문구 왕산로 191
NH농협은행 365코너 용두동지점,서울 동대문구 왕산로 68
NH농협은행 365코너 서울축산농협장안지점,서울 동대문구 장한로 79
NH농협은행 365코너 전농동지점,서울 동대문구 전농로 136
NH농협은행 365코너 서울경기양돈농협이문동지점,서울 동대문구 휘경로 39
NH농협은행 365코너 노량진역지점,서울 동작구 노량진로 138
NH농협은행 365코너 관악농협신대방지점,서울 동작구 대림로 22
NH농협은행 365코너 남서울농협사당로지점,서울 동작구 동작대로27길 5
NH농협은행 365코너 서울축산농협노량진지점,서울 동작구 만양로 84 삼익아파트상가 1층
농협ATM 신대방삼거리역지점,서울 동작구 보라매로 110
NH농협은행 365코너 남서울농협남성지점,서울 동작구 사당로16길 35
NH농협은행 365코너 상도동지점,서울 동작구 상도로 106
NH농협은행 365코너 영등포농협동작지점,서울 동작구 상도로 233
NH농협은행 365코너 여의도지점,서울 동작구 여의대방로44길 46
NH농협은행 365코너 한국양계농협이대역지점,서울 마포구 대흥로 169
NH농협은행 365코너 공덕역지점,서울 마포구 마포대로 127
NH농협은행 365코너 서울축산농협대흥역지점,서울 마포구 백범로 119
NH농협은행 365코너 서울우유농협서교지점,서울 마포구 월드컵로 73
서서울농협 상암지점 365코너,서울 마포구 월드컵북로 356
서서울농협광흥창역지점 365코너,서울 마포구 창전로 45
서서울농협망원지점 365코너,서울 마포구 포은로 79
NH농협은행 365코너 가좌지점,서울 서대문구 모래내로 143
서서울농협 365코너 아현역지점,서울 서대문구 북아현동 1015
NH농협은행 365코너 서울축산농협북가좌지점,서울 서대문구 증가로25길 33
서서울농협 홍제지점 365코너,서울 서대문구 통일로 406
NH농협은행 365코너 서소문로지점,서울 서대문구 통일로 81
NH농협은행 365코너 aT센터지점,서울 서초구 강남대로 27
농협ATM 역삼동지점,서울 서초구 강남대로 351
NH농협은행 365코너 남서울농협잠원동지점,서울 서초구 나루터로 43
NH농협은행 365코너 남서울농협양재역지점,서울 서초구 남부순환로 2604
NH농협은행 365코너 영동농협도곡지점,서울 서초구 남부순환로356길 19
NH농협은행 365코너 영동농협,서울 서초구 동산로6길 3
NH농협은행 365코너 이수역지점,서울 서초구 동작대로 132
NH농협은행 365코너 양재남지점,서울 서초구 매헌로 24
NH농협은행 365코너 남서울농협,서울 서초구 바우뫼로 195
NH농협은행 365코너 서초동지점,서울 서초구 반포대로 93
NH농협은행 365코너 남서울농협방배역지점,서울 서초구 방배로18길 5
NH농협은행 365코너 남서울농협서이지점,서울 서초구 사임당로 143
NH농협은행 365코너 남서울농협교대역지점,서울 서초구 서초대로 326
NH농협은행 365코너 남서초지점,서울 서초구 서초중앙로 62
NH농협은행 365코너 남서울농협서초중앙지점,서울 서초구 효령로 254
NH농협은행 365코너 금호동지점,서울 성동구 금호로 157
NH농협은행 365코너 중앙농협옥수지점,서울 성동구 독서당로 184
NH농협은행 365코너 중앙농협금호지점,서울 성동구 독서당로 335
NH농협은행 365코너 성동금융센터,서울 성동구 왕십리로 317
NH농협은행 365코너 서울축산농협행당역지점,서울 성동구 행당로 87
NH농협은행 365코너 한국양계농협장위지점,서울 성북구 돌곶이로 209
NH농협은행 365코너 삼선교지점,서울 성북구 동소문로 1
NH농협은행 365코너 서울축산농협돈암동지점,서울 성북구 아리랑로 7
NH농협은행 365코너 서울축산농협하월곡지점,서울 성북구 오패산로 45
NH농협은행 365코너 월곡동지점,서울 성북구 화랑로 79
NH농협은행 365코너 송파농협송파동지점,서울 송파구 가락로 151
NH농협은행 365코너 서울축산농협석촌지점,서울 송파구 가락로 84 서원빌딩 1층
NH농협은행 365코너 송파농협오금동지점,서울 송파구 동남로 284
NH농협은행 365코너 송파농협,서울 송파구 마천로 275
NH농협은행 365코너 송파농협신방이역지점,서울 송파구 마천로 37
NH농협은행 365코너 잠실지점,서울 송파구 백제고분로 160
NH농협은행 365코너 석촌역지점,서울 송파구 백제고분로 379
NH농협은행 365코너 송파농협방이동지점,서울 송파구 백제고분로48길 37
NH농협은행 365코너 송파농협삼전동지점,서울 송파구 삼학사로 93
NH농협은행 365코너 송파농협문정동지점,서울 송파구 새말로17길 17
NH농협은행 365코너 중앙농협동잠실지점,서울 송파구 석촌호수로 110
NH농협은행 365코너 송파농협가락지점,서울 송파구 송파대로 363
NH농협은행 365코너 송파농협가락시장역지점,서울 송파구 송파대로30길 5
NH농협은행 365코너 가락남지점,서울 송파구 양재대로 932
NH농협은행 365코너 가락시장지점,서울 송파구 양재대로 932
NH농협은행 365코너 송파농협호수지점,서울 송파구 오금로 126
농협ATM 개롱역지점,서울 송파구 오금로 404
NH농협은행 365코너 송파농협올림픽지점,서울 송파구 올림픽로 366
NH농협은행 365코너 중앙농협신천지점,서울 송파구 올림픽로12길 16
NH농협은행 365코너 송파농협경찰병원역지점,서울 송파구 중대로 144
NH농협은행 365코너 가락동지점,서울 송파구 중대로9길 60
NH농협은행 365코너 송파농협가든파이브지점,서울 송파구 충민로 66
NH농협은행 365코너 강동농협토성지점,서울 송파구 풍성로25길 32
NH농협은행 365코너 강서농협신월사거리지점,서울 양천구 가로공원로 121
NH농협은행 365코너 화곡지점,서울 양천구 가로공원로 162
NH농협은행 365코너 경서농협목동10단지지점,서울 양천구 목동서로 400 관리사무소 1층
NH농협은행 365코너 강서농협등촌시장지점,서울 양천구 목동중앙북로 13
NH농협은행 365코너 강서농협염창역지점,서울 양천구 목동중앙북로 73
경서농협365 신목지점,서울 양천구 신목로 102
NH농협은행 365코너 경서농협,서울 양천구 신월로 313
NH농협은행 365코너 오목교역지점,서울 양천구 오목로 325
NH농협은행 365코너 강서농협양천지점,서울 양천구 오목로 52
NH농협은행 365코너 서여의도지점,서울 영등포구 국회대로76길 22
NH농협은행 365코너 서여의도지점,서울 영등포구 국회대로76길 25
NH농협은행 365코너 서울축산농협영등포지점,서울 영등포구 당산로36길 12
NH농협은행 365코너 서울축산농협대림지점,서울 영등포구 대림로31가길 19
NH농협은행 365코너 영등포농협,서울 영등포구 도신로 194
NH농협은행 365코너 관악농협대림지점,서울 영등포구 디지털로 371
NH농협은행 365코너 당산지점,서울 영등포구 버드나루로 84
NH농협은행 365코너 한국양봉농협신풍역지점,서울 영등포구 신풍로 33
NH농협은행 365코너 영등포지점,서울 영등포구 영중로 48
NH농협은행 365코너 국회지점,서울 영등포구 의사당대로 1 면회실
NH농협은행 365코너,서울 영등포구 의사당대로 1 본관 면회실
NH농협은행 365코너 국립중앙박물관출장소,서울 용산구 서빙고로 137
NH농협은행 365코너 원효로지점,서울 용산구 원효로 271
NH농협은행 365코너 국군재정관리단출장소,서울 용산구 이태원동 664
NH농협은행 365코너 용산금융센터,서울 용산구 청파로 122
NH농협은행 365코너 한강로지점,서울 용산구 한강대로 45
NH농협은행 365코너 신용산지점,서울 용산구 한강대로 95 용산래미안 상가 2층
서서울농협신사지점 365코너,서울 은평구 갈현로 34
NH농협은행 365코너 서울경기양계농협불광지소,서울 은평구 불광로6길 4
서서울농협갈현지점 365코너,서울 은평구 서오릉로 168
서서울농협수색지점 365코너,서울 은평구 수색로 256
서서울농협연서지점 365코너,서울 은평구 연서로 291
NH농협은행 365코너 녹번지점,서울 은평구 은평로 180
365코너 서서울농협 본점,서울 은평구 응암로 242-2
NH농협은행 365코너 서울우유농협응암동지점,서울 은평구 응암로4길 25-1
NH농협은행 365코너 구파발지점,서울 은평구 진관2로 29-21
NH농협은행 365코너 은평뉴타운지점,서울 은평구 진관3로 67
NH농협은행 365코너 연신내지점,서울 은평구 통일로 860
NH농협은행 365코너 서울대연건캠퍼스지점,서울 종로구 대학로 103
NH농협은행ATM,서울 종로구 돈화문로5가길 1
NH농협은행 365코너 감사원지점,서울 종로구 북촌로 112 본관휴게실
서서울농협사직지점 365코너,서울 종로구 사직로8길 4
NH농협은행 365코너 정부중앙청사지점,서울 종로구 세종대로 209
NH농협은행 365코너 정부서울청사지점,서울 종로구 세종대로 209
NH농협은행 365코너 종로지점,서울 종로구 우정국로 46
NH농협은행 365코너 신설동지점,서울 종로구 종로 394
NH농협은행 365코너 종로1가지점,서울 종로구 종로5길 7 타워8 별관 1층
서서울농협세검정지점 365코너,서울 종로구 진흥로 456
NH농협은행 365코너 한국양봉농협혜화역지점,서울 종로구 창경궁로 251
NH농협은행 365코너 한국양봉농협,서울 중구 다산로 141
NH농협은행 365코너 신당동지점,서울 중구 다산로 240
NH농협은행 365코너 영업부,서울 중구 새문안로 16
NH농협은행 365코너 중앙본부출장소,서울 중구 새문안로 16
NH농협은행 365코너 태평로지점,서울 중구 세종대로 92
NH농협은행 365코너 태평로금융센터,서울 중구 세종대로 92
NH농협은행 365코너 남대문금융센터,서울 중구 소월로 8 1층
NH농협은행 365코너 을지로4가지점,서울 중구 을지로 191
농협ATM,서울 중구 저동1가 39-3
NH농협은행 365코너 평화지점,서울 중구 청계천로 260-20
NH농협은행 365코너 예금보험공사출장소,서울 중구 청계천로 30
NH농협은행 365코너 청계지점,서울 중구 청계천로 370
NH농협은행 365코너 충무로지점,서울 중구 퇴계로 187
농협ATM 면목지점,서울 중랑구 겸재로 229
NH농협은행 365코너 서울원예농협,서울 중랑구 공릉로4길 4-3
NH농협은행 365코너 서울원예농협상봉지점,서울 중랑구 망우로 378
NH농협은행 365코너 남양주축협신내동지점,서울 중랑구 봉화산로56길 153 대명프라자 112호
NH농협은행 365코너 서울경기양계농협,서울 중랑구 사가정로 375
NH농협은행 365코너 한국양계농협,서울 중랑구 사가정로 375
NH농협은행 365코너 남양주축협망우동지점,서울 중랑구 용마산로 502
NH농협은행 365코너 중화동지점,서울 중랑구 중랑역로 51
NH농협은행 365코너 서울경기양돈농협중화동지소,서울 중랑구 중랑역로 54
,
,
,
,
,
