신한은행 365코너 양재역지점1층,서울 강남구 강남대로 240
신한은행 365자동화,서울 강남구 강남대로 314
신한은행ATM 논현동지점,서울 강남구 강남대로 468
신한은행ATM 신사동지점,서울 강남구 강남대로 596
신한은행 365코너 포이동,서울 강남구 개포로22길 43
신한은행 365코너 태화기독교사회복지관,서울 강남구 광평로 185
신한은행 365코너 수서역,서울 강남구 광평로47길 17
신한은행 365코너 군인공제회관1층로비,서울 강남구 남부순환로 2806
신한은행ATM 대한도시가스,서울 강남구 남부순환로 3165
신한은행 365코너 GS타워점,서울 강남구 논현로 508 2층
신한은행 365코너 압구정CGV점,서울 강남구 논현로 848 서경빌딩 1층
신한은행 365코너 삼정KPMG,서울 강남구 논현로85길 28
신한은행 365코너 대치롯데점,서울 강남구 도곡로 515
신한은행 학동지점,서울 강남구 도산대로 221 동남빌딩
신한은행 365코너 SB타워,서울 강남구 도산대로 318 로비
신한은행 학동점 365자동화코너,서울 강남구 도산대로34길 6
신한은행 365코너 현대벤처빌딩,서울 강남구 밤고개로1길 10
신한은행 365코너 르메르디앙서울지하,서울 강남구 봉은사로 120
신한은행 365코너 봉은사,서울 강남구 봉은사로 531
신한은행 365코너 웨딩의전당,서울 강남구 봉은사로 531
신한은행 365코너 은마아파트상가,서울 강남구 삼성로 212
신한은행ATM 청담동점내,서울 강남구 삼성로 709
신한은행 365코너 성원빌딩,서울 강남구 선릉로 514
신한은행ATM 압구정서지점,서울 강남구 압구정로 110
신한은행 365코너 압구정미성,서울 강남구 압구정로 113-22
신한은행 365코너 압구정갤러리아백화점1층,서울 강남구 압구정로 343
신한은행 365코너 갤러리아백화점,서울 강남구 압구정로 343 지하1층
신한은행 365코너 갤러리아명품관,서울 강남구 압구정로 407
신한은행 365코너 압구정죽호빌딩1층,서울 강남구 압구정로18길 25
신한은행365코너 도곡동지점,서울 강남구 언주로 321
신한은행ATM 영동점내,서울 강남구 언주로 709
신한은행 365코너 타워팰리스2차,서울 강남구 언주로30길 57 지하 슈퍼마켓입구
신한은행 365코너 신한카드고객만족센터,서울 강남구 역삼로 176
신한은행 365코너 (구)역삼2동,서울 강남구 역삼로 251
신한은행 365코너 강남별관구관로비,서울 강남구 역삼로 251 1층
신한은행 365코너 도곡중앙 점두365,서울 강남구 역삼로 310 한솔필리아 1층
신한은행 365코너 대치쌍용2차아파트,서울 강남구 영동대로 230
신한은행 365코너 GKL코엑스센타,서울 강남구 영동대로 513
신한은행 365코너 ASEM빌딩지하,서울 강남구 영동대로 517
신한은행 365코너 일원역지점,서울 강남구 일원로 120
신한은행 365코너 별관3층,서울 강남구 일원로 81
신한은행 365코너 별관4층,서울 강남구 일원로 81
신한은행 365코너 본관1층,서울 강남구 일원로 81
신한은행 365코너 본관5층,서울 강남구 일원로 81
신한은행 365코너 별관안내데스크,서울 강남구 일원로 81 1층
신한은행 365코너 본관지하,서울 강남구 일원로 81 지하1층
신한은행 365코너 복지관,서울 강남구 일원로 81 지하2층
신한은행ATM 강남 중앙금융센터지점,서울 강남구 테헤란로 147
신한은행 365코너 금융결제원,서울 강남구 테헤란로 202
신한은행 365코너 카이트타워,서울 강남구 테헤란로 306
신한은행ATM 선릉지점,서울 강남구 테헤란로 329
신한은행ATM 삼성역금융센터 점두365,서울 강남구 테헤란로 516
신한은행 365코너 현대백화점,서울 강남구 테헤란로 517 지하2층
신한은행ATM 삼성중앙지점,서울 강남구 테헤란로 522
신한은행 365코너 (구)강동타운점,서울 강동구 고덕로 109
신한은행 365코너 이마트명일점,서울 강동구 고덕로 276
신한은행 365일바로바로코너,서울 강동구 구천면로 300
신한은행 365코너 (구)암사동지점,서울 강동구 구천면로 300
신한은행 365코너 주공9단지아파트,서울 강동구 구천면로 476
신한은행 365코너 명일역지점,서울 강동구 명일동 315-13 1층
신한은행 365코너 (구)명일동,서울 강동구 상암로 210
신한은행 365코너 성내동,서울 강동구 성내로 62
신한은행 365코너 강일리버파크4단지,서울 강동구 아리수로97길 19
신한은행ATM 둔촌동지점,서울 강동구 양재대로 1315
신한은행ATM 길동지점,서울 강동구 양재대로 1464
신한은행 365코너 굽은다리역,서울 강동구 양재대로 1564
신한은행 365코너 GS마트명일점,서울 강동구 양재대로 1630
신한은행 365코너 암사역지점,서울 강동구 올림픽로 787
신한은행 365코너 현대백화점천호점2층,서울 강동구 천호대로 1005
신한은행 365코너 현대백화점천호점,서울 강동구 천호대로 1005 1층
신한은행 365코너 이마트천호점,서울 강동구 천호대로 1017 3층
신한은행 365코너 천호4거리,서울 강동구 천호대로 1027
신한은행 365코너 길동사거리,서울 강동구 천호대로 1132
신한은행 365코너 둔촌2동지점,서울 강동구 천호대로 1200 한보쇼핑센터
신한은행ATM 천호동1지점,서울 강동구 천호동 442-2
신한은행 365코너 미아역,서울 강북구 도봉로 193
신한은행 365코너 수유역,서울 강북구 도봉로 342
신한은행 365코너 강북구청지점,서울 강북구 도봉로89길 13
신한은행 365코너 트리베라1차,서울 강북구 미아동 813-1
신한은행 365코너 강북경찰서,서울 강북구 번동 415-15
신한은행 365코너 삼각산문화예술회관,서울 강북구 삼각산로 85
신한은행 365코너 삼각산풍림아파트,서울 강북구 삼양로19길 113
신한은행 365코너 미아프라자상가,서울 강북구 삼양로27길 35-21
신한은행 365코너 창문여중고점,서울 강북구 월계로 61
신한은행 365코너 광산사거리점,서울 강북구 한천로 1083
신한은행 365코너 수유벽산아파트,서울 강북구 한천로155길 43
신한은행ATM 화곡역입구,서울 강서구 강서로 171
신한은행 365코너 유광사산부인과,서울 강서구 강서로 194
신한은행 365코너 우장산역지점,서울 강서구 강서로 254
신한은행 365코너 까치산역,서울 강서구 강서로 34
신한은행 365코너 힐스테이트상가,서울 강서구 강서로 348 1층
신한은행 365코너 NC강서점,서울 강서구 강서로56길 17
신한은행 365코너 등촌주공5단지점,서울 강서구 강서로62길 98 1층 제101호
신한은행 365코너 지하철9호선본사식당,서울 강서구 개화동로8길 38 종합관리동 지하1층
신한은행ATM 공항동지점,서울 강서구 공항대로 17
신한은행 365코너,서울 강서구 공항대로 195
신한은행 365코너 대한항공교육훈련센터,서울 강서구 공항대로 453
신한은행 365코너 방화역,서울 강서구 금낭화로 135 1층
신한은행 365코너 마곡수명산파크1단지,서울 강서구 내발산동 742
신한은행 365코너 롯데중앙연구소,서울 강서구 마곡중앙로 201
신한은행 365코너 방화2단지,서울 강서구 방화대로48길 40
신한은행 365코너 발산동점두365,서울 강서구 수명로 72
신한은행 365코너 한국공항,서울 강서구 양천로 13 1층
신한은행 365코너 강서한강자이,서울 강서구 양천로 401
신한은행 365코너 홈플러스가양점,서울 강서구 양천로 431
신한은행 365코너 등촌자동차,서울 강서구 양천로 434
신한은행 365코너 이마트가양점,서울 강서구 양천로 559 주차동 1층
신한은행 365코너 염창동,서울 강서구 양천로 651
신한은행 365코너 방화동지점,서울 강서구 양천로 72
신한은행ATM 염창동지점,서울 강서구 양천로69길 49
신한은행 365코너 동아아파트상가,서울 강서구 양천로73길 90
신한은행 365코너 아시아나훈련원,서울 강서구 오정로 443-83
신한은행 365코너 국내선청사,서울 강서구 하늘길 112 2층
신한은행 365코너 국내선청사3층 동편,서울 강서구 하늘길 112 3층
신한은행 365코너 아시아나항공직원식당,서울 강서구 하늘길 176
신한은행 365코너 KAL케터링,서울 강서구 하늘길 251
신한은행 365코너 대한항공출점두,서울 강서구 하늘길 251
신한은행 365코너 대한항공빌딩A동,서울 강서구 하늘길 260 5층
신한은행 365코너 대한항공빌딩C동,서울 강서구 하늘길 260 6층
신한은행 365코너 국제선환전소,서울 강서구 하늘길 38
신한은행 365코너 한국공항공사,서울 강서구 하늘길 78
신한은행 365코너 가양3단지,서울 강서구 허준로 139
신한은행365코너 가양6단지,서울 강서구 허준로 175
신한은행 365코너 구양천향교역,서울 강서구 허준로 23
신한은행 365코너 가양2단지,서울 강서구 허준로 47
신한은행 365코너 화곡푸르지오아파트,서울 강서구 화곡동 1091
신한은행 365코너 홈플러스본사,서울 강서구 화곡로 398
신한은행 365코너 시니어스타워,서울 강서구 화곡로68길 102
신한은행 365코너 서울대BK3연구동,서울 관악구 관악로 1
신한은행 365코너 서울대경영대,서울 관악구 관악로 1
신한은행 365코너 서울대사회과학대,서울 관악구 관악로 1
신한은행 365코너 서울대신공학관,서울 관악구 관악로 1
신한은행 365코너 서울대약대,서울 관악구 관악로 1
신한은행 365코너 서울대연구공원지원시설동,서울 관악구 관악로 1
신한은행 365코너 서울대유전공학연구소,서울 관악구 관악로 1
신한은행 365코너 서울대자연대501동,서울 관악구 관악로 1
신한은행 365코너 서울대중앙도서관,서울 관악구 관악로 1
신한은행 365코너 서울대학교본관,서울 관악구 관악로 1
신한은행 365코너 서울대학교생활과학대학,서울 관악구 관악로 1
신한은행 365코너 포스코스포츠센터,서울 관악구 관악로 1
신한은행 365코너 호암교수회관,서울 관악구 관악로 1
신한은행 365코너 관악사기숙사식당,서울 관악구 관악로 1 서울대학교 기숙사 900동
신한은행ATM 신대방역점,서울 관악구 난곡로 363
신한은행 365코너 신대방역,서울 관악구 난곡로 363-1
신한은행 365코너 신림역,서울 관악구 남부순환로 1590
신한은행 365코너 봉천역,서울 관악구 남부순환로 1741
신한은행 365코너 신림대학동,서울 관악구 대학4길 21
신한은행 365코너 GS리테일관악지점,서울 관악구 봉천동 1567-1
신한은행 365코너 관악드림타운,서울 관악구 봉천동 1712
신한은행 365코너 관악서울대치과병원,서울 관악구 신림동 150-17 1층
신한은행,서울 관악구 신림동 518-12
신한은행 365코너 서울대대학원기숙사현관,서울 관악구 신림동 산 56-1
신한은행 365코너 (구)봉천서지점,서울 관악구 은천로 110
신한은행 365코너 구의현대아파트상가,서울 광진구 광나루로56길 34
신한은행 365코너 워커힐카지노,서울 광진구 광장동 18
신한은행 365코너 건국대민자식당내,서울 광진구 능동로 120
신한은행 365코너 건국대학교지점,서울 광진구 능동로 120
신한은행 365코너 건대도서관,서울 광진구 능동로 120
신한은행 365코너 건대본관,서울 광진구 능동로 120
신한은행 365코너 응급실입구,서울 광진구 능동로 120-1
신한은행 365코너 영상의학과입구,서울 광진구 능동로 120-1 지하1층
신한은행 365코너 건대입구,서울 광진구 아차산로36길 5
신한은행 365코너 정립회관,서울 광진구 워커힐로 93
신한은행 365코너 구.구의동점두,서울 광진구 자양로 106
신한은행ATM 자양동점두365,서울 광진구 자양로 95
신한은행 365코너 개봉현대아파트,서울 구로구 개봉동 407-15
신한은행 365코너 오류동역,서울 구로구 경인로 193
신한은행ATM 개봉동지점,서울 구로구 경인로 323
신한은행 365코너 중앙유통단지마동지하,서울 구로구 경인로53길 15
신한은행 365코너 중앙유통단지나동,서울 구로구 경인로53길 15 3층
신한은행 365코너 동도센트리움,서울 구로구 경인로6길 19
신한은행 365코너 고척동지점,서울 구로구 고척동 253-15
신한은행 365코너,서울 구로구 고척동 38-8
신한은행 365코너 오류동부아파트,서울 구로구 고척로 49
신한은행 365코너 구로극동아파트상가,서울 구로구 구로중앙로7길 28
신한은행 365코너 SK허브수오피스텔,서울 구로구 구일로10길 27
신한은행 365코너 개봉역,서울 구로구 남부순환로95길 8-13
신한은행 365코너 구로남점,서울 구로구 디지털로31길 120
신한은행 365코너 이마트구로점,서울 구로구 디지털로32길 43
신한은행 365코너 세양청마루점,서울 구로구 목동남로 32
신한은행 365코너 이마트신도림점,서울 구로구 새말로 97
신한은행 365코너 구로디지털단지역,서울 구로구 시흥대로 573
신한은행 365코너 성공회대점,서울 구로구 연동로 320
신한은행 365코너 2001아울렛구로점,서울 구로구 중앙로1길 36
신한은행 365코너 더블유몰,서울 금천구 가산동 60-26
신한은행 365코너 이랜드가산사옥,서울 금천구 가산디지털1로 159
신한은행 365코너 우림라이온스밸리,서울 금천구 가산디지털1로 2
신한은행 365코너 LG데이콤시흥동,서울 금천구 금하로 597
신한은행 365코너 금천점,서울 금천구 금하로 747-1
신한은행 365코너 금천벽산아파트5단지,서울 금천구 금하로 816
신한은행 365코너 금천현대아파트,서울 금천구 독산동 711-2
신한은행365코너 독산4동교차로점,서울 금천구 독산로 215
신한은행 365코너 신한생명,서울 금천구 디지털로10길 9
신한은행 365코너 갑을그레이트밸리,서울 금천구 디지털로9길 32
신한은행ATM 시흥동지점,서울 금천구 시흥대로 228
신한은행 365코너 공구상가점,서울 금천구 시흥대로 97
신한은행 365코너 상계9단지아파트,서울 노원구 노원로 532
신한은행 365코너 원자력병원원무과,서울 노원구 노원로 75
신한은행 365코너 수락리버시티아파트,서울 노원구 누원로 18
신한은행ATM 태릉역점두365,서울 노원구 동일로 1018
신한은행 365코너 공릉역,서울 노원구 동일로 1078
신한은행 365코너 노원역지점,서울 노원구 동일로 1404
신한은행 365코너 상계1동점,서울 노원구 동일로 1633
신한은행ATM 수락산역지점,서울 노원구 동일로 1673
신한은행 365코너 2001아울렛중계점1층,서울 노원구 동일로204가길 46
신한은행 365코너 하계청구아파트,서울 노원구 동일로207길 184
신한은행 365코너 상계15단지,서울 노원구 동일로227길 26
신한은행 365자동화코너,서울 노원구 상계로1길 74
신한은행 365코너 상계7단지동진상가,서울 노원구 상계로1길 74
신한은행 365코너 성북역점,서울 노원구 석계로 106
신한은행 365코너 하계동Green365,서울 노원구 섬밭로 229
신한은행 365코너 월계동사슴아파트,서울 노원구 월계동 320-11
신한은행 365코너 청백4단지아파트,서울 노원구 월계동 781
신한은행 365코너 월계사슴1단지,서울 노원구 월계로 376
신한은행 365코너 중계청구상가,서울 노원구 중계동 360-2
신한은행 365코너 중계동주공5단지,서울 노원구 중계로 230
신한은행 365코너 월계주공아파트,서울 노원구 초안산로1길 15
신한은행ATM 중계본동지점,서울 노원구 한글비석로 254
신한은행 365코너 노원자동차학원,서울 노원구 한글비석로 322
신한은행 365코너 상계역,서울 노원구 한글비석로 396
신한은행 365코너 보람사거리GS마트,서울 노원구 한글비석로 471
신한은행 365코너 석계역,서울 노원구 화랑로 325
신한은행 365코너 이마트창동점,서울 도봉구 노해로65길 4
신한은행 365코너 창동동아청솔아파트,서울 도봉구 노해로69길 97
신한은행 365코너 상계19단지,서울 도봉구 노해로70길 54
신한은행 365코너 상계주공17단지,서울 도봉구 덕릉로66길 17
신한은행 365바로바로코너,서울 도봉구 도당로 7
신한은행 365코너 쌍문동벽산아파트,서울 도봉구 도당로 7
신한은행 365코너 한양수자인,서울 도봉구 도봉동 657
신한은행 365코너 쌍문역입구,서울 도봉구 도봉로 487
신한은행 365코너 창동태영데시앙,서울 도봉구 도봉로110다길 51
신한은행 365코너 (구)창동아이파크,서울 도봉구 도봉로136길 7
신한은행 365코너 도봉역,서울 도봉구 도봉로170길 8
신한은행 365코너 도봉삼환아파트,서울 도봉구 도봉로180길 6-119
신한은행 365코너 도봉동Green365,서울 도봉구 도봉로180나길 41
신한은행 365코너 서울북부지방법원,서울 도봉구 마들로 749
신한은행 365코너 북부지방검찰청,서울 도봉구 마들로 749 민원실1층
신한은행 365코너 덕성여대,서울 도봉구 삼양로144길 3
신한은행 365코너 한일병원,서울 도봉구 우이천로 308
신한은행 365코너 창동쌍용아파트,서울 도봉구 창동 807
신한은행 365코너 쌍문동한양아파트,서울 도봉구 해등로 231
신한은행 365코너 선덕고교입구사거리점,서울 도봉구 해등로 255
신한은행 365코너 답십리래미안위브아파트,서울 동대문구 답십리로 130
신한은행ATM 전농동지점,서울 동대문구 사가정로 148 SK아파트상가
신한은행 365코너 동대문경찰서,서울 동대문구 약령시로21길 15
신한은행 365코너 청량리역,서울 동대문구 왕산로 189-2
신한은행 365코너 서울성심병원,서울 동대문구 왕산로 259
신한은행 365코너 이문동쌍용아파트,서울 동대문구 이문동 64
신한은행 365코너 장안삼성래미안2차아파트,서울 동대문구 장안벚꽃로 167
신한은행 365코너 장한평역입구,서울 동대문구 장한로 3
신한은행 365코너 제기역Green365,서울 동대문구 제기동 892-173
신한은행 365코너 홈플러스동대문점,서울 동대문구 천호대로 133 1층
신한은행 365코너 홈플러스동대문점지하,서울 동대문구 천호대로 133 지하2층
신한은행 365코너 서울풍물시장1층,서울 동대문구 천호대로4길 21
신한은행 365코너 삼광빌딩,서울 동대문구 청계천로 509
신한은행 365코너 노브랜드장안점,서울 동대문구 한천로 42 지하1층
신한은행 365코너 롯데레몬장안점,서울 동대문구 한천로46길 42
신한은행 365코너 이문동현대아파트,서울 동대문구 한천로58길 107
신한은행 365코너 청계한신휴플러스점,서울 동대문구 황물로 42
신한은행 365코너 서울자동차부품상가,서울 동대문구 황물로17가길 2
신한은행 365코너 회기역,서울 동대문구 회기로 197
신한은행 365코너 외대역,서울 동대문구 휘경로 23
신한은행 365코너 사당역지점1층,서울 동작구 남부순환로 2053
신한은행ATM 장승배기역,서울 동작구 노량진동 315-135
신한은행 유한양행출장소,서울 동작구 노량진로 74 유한양행빌딩 2층
신한은행 365코너 사당중앙지점,서울 동작구 동작대로 123
신한은행 365코너 사당신동아아파트,서울 동작구 동작대로29길 110
신한은행 365코너 사당2동극동아파트,서울 동작구 동작대로29길 119
신한은행 365코너 노량진역 점두,서울 동작구 만양로 105
신한은행 365코너 건영아파트,서울 동작구 만양로 26
신한은행 365코너 보라매병원장례식장,서울 동작구 보라매로5길 20
신한은행 365코너 시립보라매병원본관1층,서울 동작구 보라매로5길 20
신한은행 365코너 보라매병원신관,서울 동작구 보라매로5길 20 1층
신한은행 365코너 보라매병원사랑관,서울 동작구 보라매로5길 20 2층
신한은행 365코너 한국컴퓨터신한카드,서울 동작구 보라매로5길 35 1층
신한은행 365코너 숭실대조만식기념관,서울 동작구 상도로 369
신한은행 365코너 숭실대역점,서울 동작구 상도로37길 76
신한은행 365코너 중앙대학병원,서울 동작구 흑석로 102 1층
신한은행ATM 공덕동지점,서울 마포구 마포대로 136
신한은행 365코너 서부지방법원1층로비,서울 마포구 마포대로 174
신한은행 365코너 서부지청,서울 마포구 마포대로 174
신한은행 365코너 마포래미안푸르지오,서울 마포구 마포대로 195
신한은행 365코너 마포중앙지점,서울 마포구 마포대로 68 마포아크로타워 1층
신한은행ATM 만리동지점,서울 마포구 만리재로 133
신한은행 365코너 S-OIL본사,서울 마포구 백범로 192 1층
신한은행 365코너 이마트마포공덕점,서울 마포구 백범로 212
신한은행 365코너 신공덕삼성1차아파트,서울 마포구 백범로37길 16
신한은행 365코너 YTN사옥,서울 마포구 상암산로 76
신한은행 365코너 도화현대아파트,서울 마포구 새창로 52
신한은행 365코너 SNU장학빌딩,서울 마포구 새창로 7
신한은행 365코너 성산시영대우아파트,서울 마포구 성산동 446
신한은행 365코너 성산무인점,서울 마포구 성암로3길 22
신한은행 성산무인점,서울 마포구 성암로3길 22
신한은행 365코너 신촌역점,서울 마포구 신촌로 68
신한은행ATM 서교중앙지점,서울 마포구 양화로 111
신한은행 365코너 홍익인간오피스텔,서울 마포구 양화로 183
신한은행 365코너 홈플러스합정점,서울 마포구 양화로 45 1층
신한은행 365코너 한국특허정보원,서울 마포구 연희로 11
신한은행 365코너 홈플러스월드컵점,서울 마포구 월드컵로 240
신한은행 365코너 성산동지점1층,서울 마포구 월드컵북로 236
신한은행 365코너 서교동1층(공과금),서울 마포구 월드컵북로 35
신한은행ATM 서교동지점,서울 마포구 월드컵북로 35
신한은행 365코너 상암IT타워,서울 마포구 월드컵북로 434 2층
신한은행 365코너 월드컵파크프라자,서울 마포구 월드컵북로 502
신한은행ATM 남가좌동지점,서울 서대문구 거북골로 120
신한은행 365자동화코너,서울 서대문구 거북골로 45
신한은행 365코너 경기대학생회관(서울),서울 서대문구 경기대로9길 24
신한은행 365코너 감리교신학대학교,서울 서대문구 독립문로 56
신한은행 365코너 이화신세계관1층,서울 서대문구 성산로 500 1층
신한은행 365코너 이대후문,서울 서대문구 성산로 529
신한은행 365자동화코너,서울 서대문구 세검정로1길 93
신한은행 365코너 벽산아파트,서울 서대문구 세검정로1길 93
신한은행ATM,서울 서대문구 수색로2길 36
신한은행 365코너 신촌역2호선,서울 서대문구 신촌로 99
신한은행 365코너 사범대교육관,서울 서대문구 이화여대길 52
신한은행 365코너 산학협력관,서울 서대문구 이화여대길 52
신한은행 365코너 이대C학관,서울 서대문구 이화여대길 52
신한은행 365코너 이대가정관,서울 서대문구 이화여대길 52
신한은행 365코너 이대교육문화관,서울 서대문구 이화여대길 52
신한은행 365코너 이대대학원기숙사,서울 서대문구 이화여대길 52
신한은행 365코너 이대신공학관,서울 서대문구 이화여대길 52
신한은행 365코너 이대아름뜰식당입구,서울 서대문구 이화여대길 52
신한은행 365코너 이대종합과학관,서울 서대문구 이화여대길 52
신한은행 365코너 이대포스코관,서울 서대문구 이화여대길 52
신한은행 365코너 이대헬렌관,서울 서대문구 이화여대길 52
신한은행 365코너 이화여대E-HOUSE,서울 서대문구 이화여대길 52
신한은행 365코너 이화여대진관,서울 서대문구 이화여대길 52
신한은행 365코너 이화여자대학교본관,서울 서대문구 이화여대길 52
신한은행 365코너 학생문화관,서울 서대문구 이화여대길 52
신한은행 365코너 한우리,서울 서대문구 이화여대길 52
신한은행 365코너 충정로역,서울 서대문구 충정로 8 지하상가내
신한은행 365코너 홍제원현대아파트,서울 서대문구 홍제동 459
신한은행 365코너 서울가정행정법원로비,서울 서초구 강남대로 193
신한은행365코너 양재스포타임지점,서울 서초구 강남대로 213
신한은행 365코너 리버사이드호텔,서울 서초구 강남대로107길 6
신한은행 365코너 방배우성상가,서울 서초구 과천대로 946 방배우성APT 상가 1층
신한은행 365코너 한국국제교류재단,서울 서초구 남부순환로 2558
신한은행 365코너 롯데캐슬헤론점,서울 서초구 동광로1길 112 상가 1층
신한은행 365코너 하이브랜드,서울 서초구 매헌로 16
신한은행 365코너 이마트양재점,서울 서초구 매헌로 16 지하1층
신한은행 365코너 블랙야크,서울 서초구 바우뫼로 201
신한은행 365코너 대검찰청별관,서울 서초구 반포대로 157
신한은행 365코너 서울고등검찰청3층,서울 서초구 반포대로 158
신한은행 365코너 서울중앙지방검찰청지하1층,서울 서초구 반포대로 158
신한은행 365코너 서울검찰청,서울 서초구 반포대로 158 서울중앙지방검찰청 1층
신한은행ATM 방배중앙지점,서울 서초구 방배로 148
신한은행 365코너 방배역맥도널드,서울 서초구 방배로 81
신한은행 365코너 서울지방변호사회관내,서울 서초구 법원로1길 21
신한은행ATM 서래지점,서울 서초구 서래로 34
신한은행 365코너 신동아2차상가,서울 서초구 서운로 79
신한은행 365코너 법원행정처,서울 서초구 서초대로 219
신한은행 365코너 대법원서관,서울 서초구 서초대로 219 2층
신한은행ATM 서초중앙지점,서울 서초구 서초대로 314
신한은행 365코너 진흥아파트상가,서울 서초구 서초대로 389
신한은행 365코너,서울 서초구 서초동 1334-1
신한은행 365코너 교대역,서울 서초구 서초중앙로 105
신한은행 365코너 법원종합청사1별관,서울 서초구 서초중앙로 157
신한은행 365코너 법원종합청사2별관,서울 서초구 서초중앙로 157
신한은행 365코너 법원종합청사3별관,서울 서초구 서초중앙로 157
신한은행 365코너 법원종합청사4별관,서울 서초구 서초중앙로 157
신한은행 365코너 법원종합청사로비후문,서울 서초구 서초중앙로 157
신한은행 365코너 법조타운검찰청(출)점내,서울 서초구 서초중앙로 157
신한은행 365코너 서울법원청사1층,서울 서초구 서초중앙로 157
신한은행 365코너 21세기병원,서울 서초구 서초중앙로 39
신한은행 365자동화 코너 삼풍지점,서울 서초구 서초중앙로28길 8
신한은행 365코너 반포미도1차아파트,서울 서초구 서초중앙로29길 28
신한은행 365코너 신세계백화점강남점,서울 서초구 신반포로 176
신한은행 365코너 호남선대합실,서울 서초구 신반포로 176 1층
신한은행 365코너 코스트코양재점,서울 서초구 양재대로 159 지하1층
신한은행 365코너 LG전자서초R&D캠퍼스,서울 서초구 양재대로11길 19 지하1층
신한은행 365코너 서울오토갤러리,서울 서초구 양재대로11길 36
신한은행 365코너 반포타운점,서울 서초구 잠원동 69-1
신한은행 365코너 반포한신4차아파트,서울 서초구 잠원동 70
신한은행 365코너 자이안센터,서울 서초구 잠원로 24 1층
신한은행ATM 365코너 잠원동점두,서울 서초구 잠원로14길 29
신한은행 365코너 KOICA 연수원,서울 서초구 헌릉로 15-18
신한은행 365코너 남부터미널,서울 서초구 효령로 285
신한은행 365코너 대림강변타운,서울 성동구 고산자로 160
신한은행ATM 행당동지점(점내),서울 성동구 고산자로 203
신한은행 365코너 성동구청,서울 성동구 고산자로 270
신한은행 365코너 금호대우아파트,서울 성동구 금호동4가 800
신한은행 365코너 금호벽산아파트,서울 성동구 금호로 102
신한은행 365코너 금호1가역,서울 성동구 금호산길 67
신한은행 365코너 금호역입구,서울 성동구 동호로 102 금호두산아파트 두산상가 1층
신한은행 365코너 이마트성수점,서울 성동구 뚝섬로 379
신한은행 365코너 왕십리뉴타운,서울 성동구 마장로 164
신한은행 365코너 옥수리버젠상가,서울 성동구 매봉길 17
신한은행 365코너 제2학생생활관,서울 성동구 살곶이길 188
신한은행 365코너 한양여대,서울 성동구 살곶이길 200
신한은행 365코너 성수동우체국앞,서울 성동구 아차산로 96
신한은행 365코너 신도리코,서울 성동구 아차산로11가길 3 지하 1층
신한은행 365코너 이마트왕십리점,서울 성동구 왕십리광장로 17
신한은행 365코너 한양대HIT,서울 성동구 왕십리로 222
신한은행 365코너 한양대상경대학,서울 성동구 왕십리로 222
신한은행 365코너 한양대생활과학관,서울 성동구 왕십리로 222
신한은행 365코너 한양대자연과학대,서울 성동구 왕십리로 222
신한은행 365코너 한양대제1공학관,서울 성동구 왕십리로 222
신한은행 365코너 한양대학생회관,서울 성동구 왕십리로 222
신한은행 365코너 한양대신소재공학관,서울 성동구 왕십리로 222 1층
신한은행 365코너 한양대경영관,서울 성동구 왕십리로 222 2층
신한은행 365코너 한양대IT/BT관,서울 성동구 왕십리로 222 3층
신한은행 365코너 한양대병원류마티스병동,서울 성동구 왕십리로 222-1
신한은행 365코너 한양대병원,서울 성동구 왕십리로 222-1 1층
신한은행 365코너 한양대병원서관,서울 성동구 왕십리로 222-1 6층
신한은행 365코너 한양대원무과,서울 성동구 왕십리로 222-1 본관 3층
신한은행 365코너 엔터식스한양대점,서울 성동구 왕십리로 241
신한은행 365코너 왕십리역,서울 성동구 왕십리로 296-1
신한은행 365코너 상왕십리역,서울 성동구 왕십리로 361-5
신한은행 365코너 두드림스페이스,서울 성동구 왕십리로 63
신한은행 365코너 예스코,서울 성동구 자동차시장길 23
신한은행 365코너 행당동대림아파트,서울 성동구 행당동 347
신한은행 365코너 신금호역지점,서울 성동구 행당로 1
신한은행 365코너 행당동한진아파트,서울 성동구 행당로 84
신한은행 365코너 고려대학교,서울 성북구 고려대로 88
신한은행 365코너 길음대림아파트,서울 성북구 길음로 118
신한은행 365코너 이마트미아점,서울 성북구 도봉로 17 1층
신한은행 365코너 동소문한신아파트,서울 성북구 돈암동 609-1
신한은행 365코너 길음역,서울 성북구 동소문로 248
신한은행 365코너,서울 성북구 동소문로34길 24
신한은행 365코너 돈암삼성아파트,서울 성북구 동소문로34길 24 1층
신한은행 365코너 정릉산장아파트,서울 성북구 보국문로 167
신한은행 365코너 성북경찰서,서울 성북구 보문로 170
신한은행 365코너 브라운스톤돈암아파트,서울 성북구 북악산로 844
신한은행 365코너 (구)길음뉴타운지점,서울 성북구 삼양로13길 45
신한은행 365코너 서경대학교청운관,서울 성북구 서경로 124
신한은행 365코너 길상사,서울 성북구 선잠로5길 68
신한은행 365코너 동소문스포츠센터,서울 성북구 성북로4길 52
신한은행 365코너 풍림아파트분산상가,서울 성북구 솔샘로 120
신한은행 365코너 길음동부아파트,서울 성북구 숭인로 16
신한은행 365코너 국민대학교,서울 성북구 정릉로 77
신한은행 365코너 정릉배밭골,서울 성북구 정릉로10길 17
신한은행 365코너 이마트하월곡점,서울 성북구 종암로 167
신한은행 365코너 월곡,서울 성북구 화랑로13길 32
신한은행ATM 장위동지점,서울 성북구 화랑로25길 29
신한은행 365코너 문정로데오,서울 송파구 동남로 107
신한은행 365코너 가락쌍용아파트,서울 송파구 동남로 193
신한은행 365코너 곰두리체육센터,서울 송파구 동남로 271
신한은행 365코너 경찰병원,서울 송파구 송이로 123
신한은행 365코너 석촌한솔병원,서울 송파구 송파대로 445
신한은행 365코너 올림픽선수촌,서울 송파구 양재대로 1218
신한은행 365코너 한국체육대학교,서울 송파구 양재대로 1239
신한은행ATM 오금동지점,서울 송파구 오금로35길 17
신한은행 365코너 롯데월드몰캐쥬얼동,서울 송파구 올림픽로 300 2층
신한은행 365코너 롯데월드몰지하,서울 송파구 올림픽로 300 지하1층
신한은행 365코너 (구)잠실파크리오지점,서울 송파구 올림픽로35길 10
신한은행 365코너 잠실장미아파트,서울 송파구 올림픽로35길 124 상가1층
신한은행 365코너 잠실나루역지점,서울 송파구 올림픽로37길 130
신한은행 365코너 아시아선수촌,서울 송파구 올림픽로4길 17 아시아선수촌아파트 상가2층
신한은행 365코너 방이동쌈지빌딩,서울 송파구 위례성대로 52
신한은행 365코너 (구)문정훼밀리타운지점,서울 송파구 중대로 68
신한은행 365코너 이마트가든파이브,서울 송파구 충민로 10
신한은행 365코너 가든파이브라이프관,서울 송파구 충민로 66
신한은행 365코너 송파파인타운,서울 송파구 충민로4길 5
신한은행 365코너 풍납현대아파트,서울 송파구 풍납동 413-1
신한은행 365코너 동아한가람,서울 송파구 한가람로16길 7
신한은행 365코너 동일하이빌출입구,서울 양천구 남부순환로88길 14
신한은행 365코너 염창역아이템베이,서울 양천구 목동 524-1
신한은행 365코너 목동11단지,서울 양천구 목동동로 10 A상가
신한은행 365코너 현대백화점목동점식당가,서울 양천구 목동동로 257 6층
신한은행 365코너 (구)목동현대백화점지점,서울 양천구 목동동로 257 지하3층 여성주차장
신한은행 365코너 현대41타워1층,서울 양천구 목동동로 293
신한은행 365코너 목동7단지,서울 양천구 목동로 212
신한은행ATM 목동역지점,서울 양천구 목동로 212
신한은행 365코너 홈플러스목동점,서울 양천구 목동서로 170 2층
신한은행 365코너 홈플러스목동점지하,서울 양천구 목동서로 170 지하2층
신한은행ATM 목동2단지점내,서울 양천구 목동서로 70
신한은행ATM 신월동지점,서울 양천구 신월로 163
신한은행 365코너 남부지방법원검찰청영업장,서울 양천구 신월로 390
신한은행 365코너 (구)서부트럭터미널,서울 양천구 신정로 167 C동
신한은행 365코너 신정6차현대아파트,서울 양천구 신정로 170
신한은행 365코너 대우미래사랑아파트,서울 양천구 신정로13길 3
신한은행 365코너 세풍운수,서울 양천구 신정로7길 17
신한은행 365코너 신정이펜하우스3단지,서울 양천구 신정이펜1로 50
신한은행 365코너 이대목동병원장례식장,서울 양천구 안양천로 1071
신한은행 365코너 신정역3번출구,서울 양천구 오목로 200
신한은행 신정역3번출구점,서울 양천구 오목로 202
신한은행 365코너 이마트목동점,서울 양천구 오목로 299
신한은행 365코너 목동프라자빌딩점,서울 양천구 중앙로32길 55
신한은행 365코너 신월자동차,서울 양천구 화곡로 6
신한은행 365코너 신월중앙점,서울 양천구 화곡로 64
신한은행ATM 신월중앙지점,서울 양천구 화곡로 64
신한은행 365코너 IFC,서울 영등포구 국제금융로 10 지하1층
신한은행ATM 여의도지점,서울 영등포구 국제금융로8길 25
신한은행 365코너 영등포경찰서,서울 영등포구 국회대로 608
신한은행 365코너 한국방송공사연구동,서울 영등포구 국회대로62길 4 1층
신한은행ATM 서여의도지점,서울 영등포구 국회대로70길 18
신한은행 365코너 영등포구청역입구,서울 영등포구 당산로 122
신한은행ATM 영등포구청역점,서울 영등포구 당산로 122 우미빌딩 1층
신한은행 365코너 영등포삼성테스코,서울 영등포구 당산로 42 1층
신한은행 365코너 영등포아트자이,서울 영등포구 도영로 66
신한은행 365코너 검찰청숙소,서울 영등포구 문래로20길 49
신한은행 365코너 원터빌딩,서울 영등포구 문래북로 122
신한은행 365코너 신한카드,서울 영등포구 선유동2로 64
신한은행 365코너 코스트코양평점,서울 영등포구 선유로 156 지하1층
신한은행 365코너 양평동현대6차아파트,서울 영등포구 선유로 201
신한은행ATM 대림중앙지점,서울 영등포구 시흥대로 617
신한은행 365코너 강남성심병원별관,서울 영등포구 신길로 1
신한은행 365코너 강남성심병원본관,서울 영등포구 신길로 1 1층
신한은행 365코너 아이에스비즈타워,서울 영등포구 양평로21길 26
신한은행 365코너 선유도코오롱디지털타워,서울 영등포구 양평로22길 21
신한은행 365코너 KBS신관로비,서울 영등포구 여의공원로 13
신한은행 365코너 KBS홀,서울 영등포구 여의공원로 13
신한은행 365코너 한국방송공사2층,서울 영등포구 여의공원로 13
신한은행 365코너 한국방송공사5층,서울 영등포구 여의공원로 13
신한은행 365코너 KBS국제회의실,서울 영등포구 여의공원로 13 한국방송공사 신관 5층
신한은행 365코너 증권거래소로비,서울 영등포구 여의나루로 76 1층
신한은행 365코너 증권예탁원,서울 영등포구 여의나루로4길 23 1층
신한은행 365코너 LG트윈빌딩,서울 영등포구 여의대로 128 서관 지하 1층
신한은행 365코너 금융감독원,서울 영등포구 여의대로 38 지하1층
신한은행 365코너 신한금융투자본관(계단밑),서울 영등포구 여의대로 70
신한은행 365코너 신한금융투자본관(정문),서울 영등포구 여의대로 70
신한은행 365코너 KBS별관,서울 영등포구 여의대방로 359 1층 로비
신한은행 365코너 이마트여의도점,서울 영등포구 여의동로3길 10 지하1층
신한은행 365코너 영등포푸르지오상가,서울 영등포구 영등포동 647-1
신한은행 365코너 티시스영등포,서울 영등포구 영등포동2가 94-151
신한은행 365코너 영등포중앙점,서울 영등포구 영등포로 206
신한은행 365코너 대방역점,서울 영등포구 영등포로 422
신한은행ATM 당산중앙지점,서울 영등포구 영중로 132
신한은행 365코너 타임스퀘어10층,서울 영등포구 영중로 15
신한은행 365코너 타임스퀘어,서울 영등포구 영중로 15 지하1층
신한은행 365코너 타임스퀘어지하,서울 영등포구 영중로 15 지하1층
신한은행 365코너 한국소방안전원,서울 영등포구 영중로 170 1층
신한은행 365코너 국회의원회관면회실,서울 영등포구 의사당대로 1
신한은행 365코너 한국금융투자협회,서울 영등포구 의사당대로 143 지하1층
신한은행 365코너 한국장애인개발원,서울 영등포구 의사당대로 22
신한은행ATM 여의도남지점,서울 영등포구 의사당대로 97
신한은행 365코너 한남순천향병원,서울 용산구 대사관로 59
신한은행 365코너 용산구문화체육센터,서울 용산구 백범로 350
신한은행 365코너 오리온,서울 용산구 백범로90다길 13
신한은행 365코너 서빙고신동아아파트정문,서울 용산구 서빙고동 241-21
신한은행 365코너 원효2가,서울 용산구 원효로 166
신한은행 365코너 원효로지점,서울 용산구 원효로 179
신한은행 365코너 원효로삼성아파트앞,서울 용산구 원효로 55
신한은행 365코너 (구)원효4가,서울 용산구 원효로 74
신한은행 365코너 용산더프라임,서울 용산구 원효로90길 11
신한은행 365코너 한강맨션상가,서울 용산구 이촌동 300-26
신한은행 365코너 이촌역,서울 용산구 이촌로65가길 37
신한은행 365코너 헤밀턴호텔,서울 용산구 이태원로 179
신한은행ATM 청파동지점,서울 용산구 청파로47가길 6
신한은행 365코너 숙대정문앞,서울 용산구 청파로47길 100
신한은행 365코너 숙대입구역,서울 용산구 한강대로 282
신한은행 숙대입구역점,서울 용산구 한강대로 282
신한은행 365코너 여행박사,서울 용산구 한강대로 313
신한은행 365코너 이마트용산점,서울 용산구 한강대로23길 55
신한은행 365코너 민원동,서울 용산구 회나무로 4 1층
신한은행 365코너 용문시장,서울 용산구 효창원로 101-1
신한은행 365코너 만리시장지점,서울 용산구 효창원로 261
신한은행 365코너 충암학원서무과,서울 은평구 가좌로5길 5 충암중학교 1층 행정실
신한은행 365코너 시립병원,서울 은평구 갈현로 89
신한은행 365코너 은평의마을,서울 은평구 갈현로15길 27-1
신한은행 365코너 마리아수녀회본관,서울 은평구 백련산로14길 20-11
신한은행 365코너 마리아수녀회도티병원,서울 은평구 백련산로14길 20-11 1층
신한은행 365코너 구산사거리점,서울 은평구 서오릉로 185 1층
신한은행 365코너 이마트수색점,서울 은평구 수색로 217
신한은행ATM 수색지점,서울 은평구 수색로 255
신한은행 365코너 은평뉴타운제각말,서울 은평구 연서로 455
신한은행 365코너 갈현동점,서울 은평구 연서로29길 17
신한은행 365코너 은평뉴타운폭포동,서울 은평구 연서로44길 7
신한은행ATM 이마트은평점 이마트은평점,서울 은평구 은평로 111
신한은행 365코너 녹번역,서울 은평구 은평로 233-1
신한은행 365코너 수색대림아파트상가,서울 은평구 은평터널로 65
신한은행 365코너 응암5거리,서울 은평구 응암로 206
신한은행ATM 응암5거리점,서울 은평구 응암로 206
신한은행 365코너 은평뉴타운우물골점,서울 은평구 진관2로 77
신한은행 365코너 상림롯데캐슬점,서울 은평구 진관4로 37 은평뉴타운 801동 111호
신한은행ATM 갈현동지점(점내),서울 은평구 통일로 897
신한은행 365코너 서울보증보험,서울 종로구 김상옥로 29
신한은행ATM 신설동지점,서울 종로구 난계로 255
신한은행 365코너 서울대병원1층,서울 종로구 대학로 101
신한은행 365코너 서울대치과대학,서울 종로구 대학로 101
신한은행 365코너 암병원,서울 종로구 대학로 101
신한은행 365코너 어린이병동,서울 종로구 대학로 101
신한은행 365코너 치과병동2층,서울 종로구 대학로 101
신한은행 365코너 서울대간호대학,서울 종로구 대학로 101 1층
신한은행 365코너 치과병동,서울 종로구 대학로 101 1층
신한은행 365코너 서울대병원영안실,서울 종로구 대학로 103
신한은행 365코너 서울대의과대학교무실,서울 종로구 대학로 103
신한은행 365코너 서울대의대도서관,서울 종로구 대학로 103
신한은행 365코너 의생명과학관,서울 종로구 대학로 103
신한은행 365코너 대학로점,서울 종로구 대학로 122
신한은행 365코너 서울지방경찰청,서울 종로구 사직로8길 31
신한은행 365코너 성균관상경대앞,서울 종로구 성균관로 25-2
신한은행 365코너 안국역,서울 종로구 율곡로 63
신한은행 365코너 연합뉴스,서울 종로구 율곡로2길 25 지하1층
신한은행 365코너 경복궁역,서울 종로구 자하문로 1
신한은행ATM 효자동지점,서울 종로구 자하문로 61
신한은행 365코너 (구)종로광장시장,서울 종로구 종로 198-2
신한은행 365코너 동대문종합시장,서울 종로구 종로 266 6층
신한은행 365코너 동대문역,서울 종로구 종로 306-1
신한은행 365코너 그랑서울,서울 종로구 종로 33
신한은행 365코너 종로2가,서울 종로구 종로 80-1
신한은행 365코너 삼양사,서울 종로구 종로33길 31
신한은행 365코너 KT청진동사옥,서울 종로구 종로3길 33
신한은행 365코너 석탄회관,서울 종로구 종로5길 58 1층
신한은행 365코너 국세청연금매점,서울 종로구 종로5길 86
신한은행ATM 창신동지점,서울 종로구 지봉로 29
신한은행 365코너 세운스퀘어정문앞,서울 종로구 창경궁로 109
신한은행 365코너 평창동지점,서울 종로구 평창문화로 75 1층
신한은행 365코너 BOK본점,서울 중구 남대문로 39
신한은행 365코너 롯데백화점면세점,서울 중구 남대문로 81
신한은행 365코너 롯데호텔직원식당,서울 중구 남대문로 81 지하2층
신한은행 365코너 백년관1층,서울 중구 남대문로10길 29
신한은행ATM 신당동지점,서울 중구 다산로 222
신한은행 365코너 우일타운,서울 중구 다산로 274
신한은행 365코너 디오트상가,서울 중구 다산로 293
신한은행 365코너 디오트쇼핑몰,서울 중구 다산로 293 4층
신한은행 365코너 디오트쇼핑몰지하,서울 중구 다산로 293 지하1층
신한은행 365코너 (구)남산타운지점점두365,서울 중구 다산로 32
신한은행 ATM 남산타운4상가지점,서울 중구 다산로 32
신한은행 365코너 신당6동사무소점,서울 중구 다산로36길 99
신한은행 365코너 약수역,서울 중구 동호로 180
신한은행 365코너 (구)퇴계로금융센터,서울 중구 동호로 310
신한은행ATM 을지로5가점내,서울 중구 동호로 359
신한은행 365코너 명보극장4거리,서울 중구 마른내로 43
신한은행 365코너 광희패션몰,서울 중구 마장로1길 21 6층
신한은행 365코너 명동지점,서울 중구 명동길 43
신한은행 365코너 신한생명본사,서울 중구 삼일대로 358
신한은행ATM 서소문점내,서울 중구 서소문로 106
신한은행 365코너 연호빌딩,서울 중구 서소문로 135
신한은행 365코너 센트럴플레이스,서울 중구 서소문로 50
신한은행 365코너 소공중앙지점,서울 중구 세종대로18길 16
신한은행 365코너 에스원빌딩,서울 중구 세종대로7길 25
신한은행 365코너 조선호텔,서울 중구 소공로 106
신한은행 365코너 신세계본점신관 13층,서울 중구 소공로 63
신한은행 365코너 남대문중앙지점,서울 중구 소월로 3 1층 로비
신한은행 365코너 세븐럭카지노서울힐튼,서울 중구 소월로 50
신한은행 365코너 힐튼호텔,서울 중구 소월로 50 지하1층
신한은행 365코너 서울중부경찰서,서울 중구 수표로 27
신한은행 365코너 대림상가,서울 중구 을지로 157
신한은행 365코너 서울광장지점1층,서울 중구 을지로 16 프레지던트호텔1층
신한은행ATM 방산시장지점,서울 중구 을지로 213
신한은행 365코너 국립중앙의료원점좌측,서울 중구 을지로 245
신한은행 365코너 호텔롯데본관EL,서울 중구 을지로 30
신한은행 365코너 SKT신사옥,서울 중구 을지로 65
신한은행 365코너 을지프라자,서울 중구 을지로 지하 42 을지로입구역사 내
신한은행 365코너 뉴죤상가,서울 중구 을지로45길 62 2층
신한은행 365코너 뉴죤상가지하,서울 중구 을지로45길 62 지하1층
신한은행 365코너 국립중앙의료원장례식장,서울 중구 을지로6가 18-79
신한은행 365코너 현대백화점현대시티아울렛,서울 중구 장충단로13길 20
신한은행 365코너 청평화시장,"서울 중구 청계천로 334 2,3층"
신한은행 365코너 신당삼성아파트,서울 중구 청구로1길 23
신한은행 365코너 영업부Green,서울 중구 태평로2가 120
신한은행 365코너 동국대문화관,서울 중구 필동로1길 30
신한은행 365코너 동국대상록관,서울 중구 필동로1길 30
신한은행 365코너 동국대원흥관,서울 중구 필동로1길 30
신한은행 365코너 동국대학림관,서울 중구 필동로1길 30
신한은행 365코너 동국대남산학사,서울 중구 필동로1길 30 1층
신한은행 365코너 동국대경영관,서울 중구 필동로1길 30 2층
신한은행 365코너 황학롯데캐슬이마트,서울 중구 황학동 2545 지하2층
신한은행 365코너,서울 중구 흥인동 3-4
신한은행 365코너 (구)중랑교지점,서울 중랑구 동일로 763
신한은행 365코너 먹골역,서울 중랑구 동일로 911
신한은행 365코너 이마트묵동점,서울 중랑구 동일로 932
신한은행 365코너 중랑교무인점포,서울 중랑구 망우로 202
신한은행ATM 사가정역점,서울 중랑구 면목로 342
신한은행 365코너 신내LG쌍용아파트,서울 중랑구 봉화산로 144
신한은행 365코너 홈플러스면목점,서울 중랑구 사가정로 332
신한은행 365코너 이마트상봉점,서울 중랑구 상봉로 118
신한은행 365코너 (구)신내동지점,서울 중랑구 신내로7길 16
신한은행 365코너 북부병원,서울 중랑구 양원역로 38
신한은행 365코너 성원아파트상가,서울 중랑구 용마산로 276
