우리은행 365코너 주공1단지 가상가1층,서울 강남구 개포동 141
우리은행 365코너 포이동지점,서울 강남구 개포로 230
우리은행 365코너 개포중앙지점,서울 강남구 개포로 265
우리은행 365코너 대청타워지하1층식당앞,서울 강남구 개포로 623
우리은행 365코너 이마트수서점,서울 강남구 광평로 280
우리은행 365코너 군인공제회관1층,서울 강남구 남부순환로 2806
우리은행 365코너 서울무역전시장제1전시장,서울 강남구 남부순환로 3104
우리은행 365코너 아세아타워건물옆,서울 강남구 논현로 430
우리은행 365코너 GS타워금융센터,서울 강남구 논현로 508
우리은행 365코너 GS타워1층로비,서울 강남구 논현로 508
우리은행 365코너 강남차병원 1층 로비,서울 강남구 논현로 566
우리은행 365코너 강남차병원 여성의학연구소,서울 강남구 논현로 569
우리은행 365코너 남역삼동금융센터,서울 강남구 논현로64길 4
우리은행 365코너 수서역고객라운지,서울 강남구 밤고개로 99 지하1층
우리은행 365코너 현대벤처빌딩,서울 강남구 밤고개로1길 10 1층
우리은행 365코너 글래드호텔논현동,서울 강남구 봉은사로 223
우리은행 365코너 라마다서울호텔 로비층 로비인근,서울 강남구 봉은사로 410 1층
우리은행 365코너 대웅제약 1층로비,서울 강남구 봉은사로114길 12
우리은행 365코너 미도아파트점,서울 강남구 삼성로 150
우리은행 365코너 에이플러스타워빌딩,서울 강남구 삼성로 518
우리은행 365코너 역삼래미안점,서울 강남구 선릉로69길 19
우리은행 365코너 압구정역지점,서울 강남구 압구정로 151
우리은행 365코너 신사동금융센터,서울 강남구 압구정로2길 45
우리은행 365코너 신사청구점,서울 강남구 압구정로2길 45
우리은행 신사청구자동화점,서울 강남구 압구정로2길 45
우리은행 365코너 수서1단지SH빌관리사무소,서울 강남구 양재대로55길 10
우리은행 365코너 SK리더스뷰1층,서울 강남구 언주로 201
우리은행 365코너 강남세브란스병원 장례식장지하1층,서울 강남구 언주로 211 지하1층
우리은행 365코너 논현두산점,서울 강남구 언주로113길 7
우리은행 365코너 도곡스위트지점,서울 강남구 언주로30길 56
우리은행 365코너 휘문고등학교,서울 강남구 역삼로 541
우리은행 365코너 순복음강남교회입구,서울 강남구 역삼로8길 12
우리은행 365코너 코엑스 1층A홀,서울 강남구 영동대로 513
우리은행 365코너 삼성중앙옥외형,서울 강남구 영동대로96길 20
우리은행 365코너 LH푸르지오아파트,서울 강남구 자곡로 21
우리은행 365코너 국세청강남통합청사삼성세무서,서울 강남구 테헤란로 114
우리은행 365코너 삼성멀티캠퍼스1층,서울 강남구 테헤란로 212
우리은행 365코너 ING생명,서울 강남구 테헤란로 318
우리은행 365코너 현대백화점무역센터점,서울 강남구 테헤란로 517 4층
우리은행 365코너 강남경찰서,서울 강남구 테헤란로113길 12
우리은행 365코너 한국에너지기술평가원 건물외부1층,서울 강남구 테헤란로114길 14
우리은행 365코너 강남운전면허시험장 1층민원실출입문,서울 강남구 테헤란로114길 23
우리은행 365코너 티몬,서울 강남구 테헤란로114길 38 1층 로비
우리은행 365코너 스페이스9 6층CGV,서울 강남구 학동로 125
"우리은행 365코너 스페이스9,8층(문화센터옆)",서울 강남구 학동로 125
우리은행 365코너 우리들병원,서울 강남구 학동로 445
우리은행 365코너 논현점,서울 강남구 학동로6길 48
우리은행 365코너 논현역금융센터,서울 강남구 학동로6길 50
우리은행 365코너 청담진흥아파트관리실,서울 강남구 학동로87길 9
우리은행 365코너 강남자동차검사소,서울 강남구 헌릉로745길 13
우리은행 365코너 강남자동차매매단지A동3층,서울 강남구 헌릉로745길 25
우리은행 365코너 강남자동차매매단지B동3층,서울 강남구 헌릉로745길 25
우리은행 365코너 이마트명일점1층,서울 강동구 고덕로 276 1층
우리은행 365코너 고덕서지점,서울 강동구 고덕로 276 이마트 명일점
우리은행 365코너 고덕할인마트,서울 강동구 고덕로 391
우리은행 365코너 2001아울렛천호점,서울 강동구 구천면로 189
우리은행 365코너 명성교회 지하1층,서울 강동구 구천면로 452
우리은행 365코너 고덕지점,서울 강동구 동남로71길 19
우리은행 365코너 강일동복합주민센터1층,서울 강동구 아리수로93길 9-14
우리은행 365코너 둔촌역금융센터,서울 강동구 양재대로 1377
우리은행 365코너 아남아파트상가,서울 강동구 양재대로 1708
우리은행 365코너 베네시티빌딩,서울 강동구 올림픽로 664
우리은행 365코너 중앙보훈병원장례식장지하1층,서울 강동구 진황도로61길 53
우리은행 365코너 중앙보훈병원중앙관1층,서울 강동구 진황도로61길 53
우리은행 365코너 천호점,서울 강동구 천중로35길 64
우리은행 365코너 길동지점,서울 강동구 천중로35길 64
우리은행 365코너 현대백화점천호점,서울 강동구 천호대로 1005 11층
우리은행 365코너 천호동지점,서울 강동구 천호대로 1017 3층
우리은행 365코너 이마트천호점(지하2층),서울 강동구 천호대로 1017 3층
우리은행 365코너 강북청소년수련관,서울 강북구 4.19로 74
우리은행 365코너 삼성생명 강북지점,서울 강북구 도봉로 188
우리은행 365코너 수유시장건물 1층,서울 강북구 도봉로67길 18
우리은행 365코너 수유2동점,서울 강북구 삼양로 438
우리은행 365코너 수유동금융센터,서울 강북구 삼양로 438 한일빌딩 1층
우리은행 365코너 북한산시티점,서울 강북구 삼양로19길 214
우리은행 365코너 삼성래미안트리베라1차아파트,서울 강북구 삼양로19길 25
우리은행 365코너 두산위브트레지움아파트,서울 강북구 삼양로27길 95 206동 옥외엘리베이터 옆
우리은행 365코너 북서울꿈의숲문화센터1층,서울 강북구 월계로 173
우리은행 365코너 북서울꿈의숲문화센터,서울 강북구 월계로 173 1층
우리은행 365코너 인수지점,서울 강북구 인수봉로 288
우리은행 365코너 강북보건소,서울 강북구 한천로 897
우리은행 365코너 강서제일병원,서울 강서구 가로공원로 187 1층
우리은행 365코너 화곡동금융센터,서울 강서구 가로공원로76길 55
우리은행 365코너 덕원여자고등학교,서울 강서구 강서로45길 91-44
우리은행 365코너 NC백화점지상1층,서울 강서구 강서로56길 17
우리은행 365코너 공항동지점,서울 강서구 공항대로 32
우리은행 365코너 공항동지점2,서울 강서구 공항대로 32 1층
우리은행 365코너 강서구보건소입구,서울 강서구 공항대로 561
우리은행 365코너 등마루점,서울 강서구 공항대로45길 44
우리은행 365코너 KC대학교본관1층,서울 강서구 까치산로24길 47
우리은행 365코너 강서구의회,서울 강서구 등촌로 185
IBK기업은행365 우리바다수산,서울 강서구 등촌로 201
우리은행 365코너 마곡엠벨리14단지,서울 강서구 마곡중앙로 33
우리은행 365코너 마곡엠벨리15단지,서울 강서구 마곡중앙로 36
우리은행 365코너 메이필드호텔본관외부,서울 강서구 방화대로 94
우리은행 365코너 강서한강자이타워B동 1층,서울 강서구 양천로 401
우리은행 365코너 홈플러스 가양점,서울 강서구 양천로 431
우리은행 365코너 강서한화비즈메트로,서울 강서구 양천로 551-24
우리은행 365코너 이마트가양점 1층주차장입구,서울 강서구 양천로 559
우리은행 365코너 김포국제공항 국내선2층 로비,서울 강서구 하늘길 112
우리은행 365코너 김포국제공항 국내선3층 로비,서울 강서구 하늘길 112
우리은행 365코너 김포공항지점1,서울 강서구 하늘길 260
우리은행 365코너 김포출입국관리사무소내,서울 강서구 하늘길 38
하나은행365 김포 우리들병원,서울 강서구 하늘길 70
우리은행 365코너 한국공항공사,서울 강서구 하늘길 78
우리은행 365코너 가양동지점,서울 강서구 허준로 121
우리은행 365코너 강서구청민원실,서울 강서구 화곡로 302
우리은행 365코너 강서지점,서울 강서구 화곡로 309
우리은행 365코너 홈플러스본사,서울 강서구 화곡로 398
우리은행 365코너 홈플러스강서점,서울 강서구 화곡로 398
우리은행 365코너 노블리움오피스텔지점,서울 강서구 화곡로 420
우리은행 365코너 화곡푸르지오출장소,서울 강서구 화곡로13길 107
우리은행 365코너 홈플러스남현점,서울 관악구 과천대로 909
우리은행 365코너 서울대학교공과대학 302동,서울 관악구 관악로 1
우리은행 365코너 서울대학교동원생활관,서울 관악구 관악로 1
우리은행 365코너 봉천중앙시장점,서울 관악구 관악로 211
우리은행 365코너 관악현대아파트점,서울 관악구 관악로 304
우리은행 365코너 관악구민체육센터,서울 관악구 낙성대로3길 37
우리은행 365코너 천성세이브마트 정문,서울 관악구 난곡로 220
우리은행 365코너 난곡지점,서울 관악구 난곡로 272
우리은행 365코너 관악산휴먼시아점,서울 관악구 난곡로 55
우리은행 365코너 신림4동지점,서울 관악구 남부순환로 1537
우리은행 365코너 양지병원1층,서울 관악구 남부순환로 1640
우리은행 365코너 실로암시각장애인복지관,서울 관악구 남부순환로 1717
우리은행 365코너 관악드림타운주상가 2층,서울 관악구 성현로 80
우리은행 365코너 신림역지점,서울 관악구 신림로 330
우리은행 365코너 신림남출장소점,서울 관악구 신림로29길 3-20
우리은행 365코너 봉천서,서울 관악구 양녕로 50
우리은행 365코너 테크노마트7층,서울 광진구 광나루로56길 85
우리은행 365코너 테크노마트6층,서울 광진구 광나루로56길 85
우리은행 365코너 세종대학교 광개토관,서울 광진구 능동로 209
우리은행 365코너 중곡서점,서울 광진구 면목로 127
우리은행 365코너 광장동지점,서울 광진구 아차산로 552
우리은행 365코너 대원외국어고등학교식당1층,서울 광진구 용마산로22길 26
우리은행 365코너 워커힐카지노 지하1층,서울 광진구 워커힐로 177
우리은행 365코너 워커힐카지노 지하2층(호텔내),서울 광진구 워커힐로 177
우리은행 365코너 한국소아마비협회정립회관1층입구,서울 광진구 워커힐로 93
우리은행 365코너 혜민병원1층,서울 광진구 자양로 85
우리은행 365코너 개봉역지점,서울 구로구 개봉동 202-1
우리은행 365코너 개봉푸르지오,서울 구로구 개봉동 492
우리은행 365코너 현대아파트1단지정문출입구,서울 구로구 개봉로20길 6
우리은행 365코너 개봉3동점,서울 구로구 개봉로3길 18
우리은행 365코너 개봉동지점,서울 구로구 개봉로3길 18
우리은행 365코너 구로검사소,서울 구로구 경인로 113
우리은행 365코너 한마을아파트주상가,서울 구로구 경인로 382
우리은행 365코너 제일제당 사무동2층매점,서울 구로구 경인로 518
우리은행 365코너 라마다호텔 신도림지점,서울 구로구 경인로 624
우리은행 365코너 STX-W아파트형공장 1층로비,서울 구로구 경인로53길 90
우리은행 365코너 구로구민체육센터,서울 구로구 고척로45길 39
우리은행 365코너 코오롱싸이언스밸리1차입구,서울 구로구 구로동 187-10
우리은행 365코너 구로본동지점,서울 구로구 구로동로 148 고대구로병원 본관 1층
우리은행 365코너 구로구청지점,서울 구로구 구로중앙로28길 66 구로보건소 1층 현관
우리은행 365코너 개봉삼환아파트,서울 구로구 남부순환로95길 54
우리은행 365코너 우림 E-BIZ 센터,서울 구로구 디지털로33길 28
우리은행 365코너 대륭포스트타워3차,서울 구로구 디지털로34길 27
우리은행 365코너 연세중앙교회,서울 구로구 부일로 977
우리은행 365코너 이마트신도림점,서울 구로구 새말로 97
우리은행 365코너 신도림역옥외형,서울 구로구 새말로16길 7
우리은행 365코너 성락교회 세계선교센터,서울 구로구 신도림로 56-24
우리은행 365코너 신도림로지점,서울 구로구 신도림로19길 7 2층
우리은행 365코너 제니스스포츠클럽,서울 구로구 안양천로539길 11
우리은행 365코너 평강제일교회 식당건물내,서울 구로구 오류로8라길 50
우리은행 365코너 2001아울렛구로점지하1층,서울 구로구 중앙로1길 36
우리은행 365코너 LG전자종합연구단지 지하1층,서울 금천구 가산디지털1로 51
우리은행 365코너 르노삼성자동차,서울 금천구 가산디지털2로 30
우리은행 365코너 시흥중앙점,서울 금천구 금하로 705
우리은행 365코너 금천종합복지타운,서울 금천구 금하로 764
우리은행 365코너 시흥벽산A상가정문,서울 금천구 금하로 793
우리은행 365코너 시흥벽산A상가정문내,서울 금천구 금하로 793
우리은행 365코너 관악벽산A관리사무소1층,서울 금천구 금하로 816
우리은행 365코너 관악벽산타운A 관리사무소1층,서울 금천구 금하로 816
우리은행 365코너 천지랜드내,서울 금천구 독산로 293
우리은행 365코너 금천구민회관문화체육센터 현관,서울 금천구 독산로54길 188
우리은행 365코너 LG전자 가산사업장내 사무동1층,서울 금천구 디지털로10길 22
우리은행 365코너 LG전자정보통신 단말연구소,서울 금천구 디지털로10길 56 2층
우리은행 365코너 2관과3관연결브릿지옆,서울 금천구 디지털로9길 23
우리은행 365코너 갑을그레이트밸리,서울 금천구 디지털로9길 32 1층
우리은행 365코너 한신IT타워2차 1층,서울 금천구 디지털로9길 47
우리은행 365코너 백상스타타워1차,서울 금천구 디지털로9길 65 1층
우리은행 365코너 스타밸리아파트형공장,서울 금천구 디지털로9길 99
우리은행 365코너 마리오아울렛3관1층보안실옆,서울 금천구 벚꽃로 266
우리은행 365코너 리더스타워,서울 금천구 벚꽃로 286 지하2층
우리은행 365코너 쉴낙원,서울 금천구 서부샛길 732
우리은행 365코너 시흥남점,서울 금천구 시흥대로 155
우리은행 365코너 홈플러스시흥점,서울 금천구 시흥대로 201
우리은행 365코너 독산남자동화점,서울 금천구 한내로 56
우리은행 365코너 하계동지점,서울 노원구 공릉로59길 15
우리은행 365코너 하계청솔아파트점,서울 노원구 공릉로59길 15
우리은행 365코너 노원검사소,서울 노원구 공릉로62길 41
우리은행 365코너 순복음노원교회1층,서울 노원구 노원로 440
우리은행 365코너 원자력병원 장례식장1층로비,서울 노원구 노원로 75
우리은행 365코너 동천실내빙상경기장,서울 노원구 노원로18길 41
우리은행 365코너 노원구립도서관 정문입구,서울 노원구 노원로34길 43
우리은행 365코너 노원구청 보건소,서울 노원구 노해로 437
우리은행 365코너 희망나눔상계점,서울 노원구 덕릉로 853
우리은행 365코너 서울시립상계직업전문학교 정문,서울 노원구 덕릉로70가길 81
우리은행 365코너 노원구민회관1층,서울 노원구 동일로 1229
우리은행 365코너 상계백병원지하1층식당앞,서울 노원구 동일로 1342
우리은행 365코너 상계백병원1층응급실옆,서울 노원구 동일로 1342
우리은행 365코너 홈플러스 중계점,서울 노원구 동일로204가길 12
우리은행 365코너 월계점,서울 노원구 석계로9길 25 상가 1층
우리은행 365코너 건영옴니버스백화점,서울 노원구 섬밭로 258
우리은행 365코너 중계2동지점,서울 노원구 섬밭로 263
우리은행 365코너 월계롯데캐슬점,서울 노원구 월계로45길 21
우리은행 365코너 서울특별시북부여성발전센터,서울 노원구 중계동 501-1
우리은행 365코너 서울여자대학교50주년기념관 1층,서울 노원구 화랑로 621
우리은행 365코너 삼육대학교100주년기념관,서울 노원구 화랑로 815
우리은행 365코너 삼육대학교 학생회관,서울 노원구 화랑로 815
우리은행 365코너 창동역점상아프라자,서울 도봉구 노해로63길 51
우리은행 365코너 쌍문역점,서울 도봉구 도봉로 482
우리은행 365코너 홈플러스 방학점 1층,서울 도봉구 도봉로 678
우리은행 365코너 창동 쌍용아파트,서울 도봉구 마들로 555
우리은행 365코너 도봉구의회앞,서울 도봉구 마들로 656
우리은행 365코너 도봉시장점,서울 도봉구 마들로 695-1
우리은행 365코너 도봉시장 자동화점,서울 도봉구 마들로 695-1
우리은행 365코너 우영마트,서울 도봉구 우이천로20길 38
우리은행 365코너 쌍문삼익아파트점,서울 도봉구 해등로 195
우리은행 365코너 방학우성점,서울 도봉구 해등로 286-5
우리은행 365코너 경희대학교,서울 동대문구 경희대로 23 경희의료원 2층
우리은행 365코너 경희대학교중앙도서관1층,서울 동대문구 경희대로 26
우리은행 365코너 경희대학교종합강의동지하1층,서울 동대문구 경희대로 26 청운관 지하1층
우리은행 365코너 120다산콜센터1층로비,서울 동대문구 난계로28길 23
우리은행 365코너 서울위생병원장례식장,서울 동대문구 망우로 82
우리은행 365코너 서울위생병원원무과,서울 동대문구 망우로 82
우리은행 365코너 서울위생병원1층치과병원,서울 동대문구 망우로 82
우리은행 365코너 서울시립대정보기술관,서울 동대문구 서울시립대로 163
우리은행 365코너 서울시립대21C관,서울 동대문구 서울시립대로 163
우리은행 365코너 서울시립대미래관1층,서울 동대문구 서울시립대로 163
우리은행 365코너 서울시립대대학본부현관,서울 동대문구 서울시립대로 163
우리은행 365코너 서울시립대학생회관,서울 동대문구 서울시립대로 163
우리은행 365코너 답십리도서관,서울 동대문구 서울시립대로4길 75
우리은행 365코너 이문동점,서울 동대문구 이문로 136
우리은행 365코너 청소년비젼센터1층로비,서울 동대문구 이문로1길 11
우리은행 365코너 동대문구시설관리공단,서울 동대문구 장한로18길 82-9
우리은행 365코너 한신아파트점,서울 동대문구 제기로 129
우리은행 365코너 홈플러스동대문점,서울 동대문구 천호대로 133
우리은행 365코너 동대문구청앞,서울 동대문구 천호대로 145
우리은행 365코너 대상1층 로비,서울 동대문구 천호대로 26
우리은행 365코너 서울 풍물시장,서울 동대문구 천호대로4길 21
우리은행 365코너 쌍용아파트점,서울 동대문구 한천로58길 47
우리은행 365코너 동대문정보화도서관 정문출입구좌측,서울 동대문구 회기로10길 60
우리은행 365코너 휘경동주공아파트 후문2초소,서울 동대문구 휘경동 57
우리은행 365코너 한국금융안전빌딩1층,서울 동작구 대림로 27
우리은행 365OK코너,서울 동작구 대림로 27
우리은행 365코너 골든시네마타워,서울 동작구 동작대로 89 7호선 총신대입구역(이수)6번출구 구산타워 1층
우리은행 365코너 정원상가A동옆,서울 동작구 동작대로27길 50
우리은행 365코너 위비스마트브랜치 노들역,서울 동작구 매봉로 182
우리은행 365코너 사당동점,서울 동작구 사당로 258
우리은행 365코너 상도삼호아파트점,서울 동작구 상도로 399
우리은행 365코너 상도삼성래미안3차점,서울 동작구 상도로53길 8
IBK기업은행365 상도동 우리빌딩,서울 동작구 성대로 43
우리은행 365코너 대방동 주공2단지 관리사무소,서울 동작구 여의대방로 250
우리은행 365코너 서울여성 여성프라자1층,서울 동작구 여의대방로54길 18
우리은행 365코너 대방동지점,서울 동작구 여의대방로54길 18 1층
우리은행 365코너 동작구청지점,서울 동작구 장승배기로 161
우리은행 365코너 상도동지점,서울 동작구 장승배기로 78
우리은행 365코너 포스코더샵아파트상가 105호,서울 동작구 장승배기로4길 9
우리은행 365코너 중앙대학교본관출입문,서울 동작구 흑석로 84
우리은행 365코너 중앙대학교법학관지하1층,서울 동작구 흑석로 84
우리은행 365코너 중앙대학교블루미르지하1층,서울 동작구 흑석로 84
우리은행 365코너 서강대학교기숙사 1층,서울 마포구 고산16길 58
우리은행 365코너 정하상관 1층출입문입구,서울 마포구 대흥동 43-6
우리은행 365코너 마포문화재단 로비,서울 마포구 대흥로20길 28
우리은행 365코너 태영빌딩 1층로비,서울 마포구 마포대로 144
우리은행 365코너 마포래미안푸르지오단지내,서울 마포구 마포대로 195
우리은행 365코너 마포중앙지점,서울 마포구 마포대로 78
우리은행 365코너 에스플렉스센터,서울 마포구 매봉산로 31
우리은행 365코너 서강대학교체육관앞,서울 마포구 백범로 35
우리은행 365코너 상암동자동화점,서울 마포구 상암산로1길 73
우리은행 365코너 마포중앙도서관,서울 마포구 성산로 128 2층
우리은행 365코너 한샘상암동신사옥,서울 마포구 성암로 179
우리은행 365코너 홍익대학교 홍문관 1층로비,서울 마포구 와우산로 94
우리은행 365코너 성산검사소,서울 마포구 월드컵로 220
우리은행 365코너 마포구청지점,서울 마포구 월드컵로 235
우리은행 365코너 서부운전면허시험장,서울 마포구 월드컵로42길 13
우리은행 365코너 상암월드컵파크10단지,서울 마포구 월드컵북로 502-36
우리은행 365코너 서울간호전문대 카페테리아 입구,서울 서대문구 간호대로 38
우리은행 365코너 충정로점,서울 서대문구 경기대로9길 90
우리은행 365코너 삼호아파트점,서울 서대문구 독립문로 10
우리은행 365코너 현대백화점신촌점,서울 서대문구 신촌로 83 지하2층 식품관
우리은행 365코너 연세대학교 새천년관1층,서울 서대문구 연세로 50
우리은행 365코너 연세대학교 본관재무처앞,서울 서대문구 연세로 50
우리은행 365코너 연세대학교 제2인문관,서울 서대문구 연세로 50
우리은행 365코너 연세대학교 경영대학,서울 서대문구 연세로 50
우리은행 365코너 연세대학교 신상경대지하1층,서울 서대문구 연세로 50
우리은행 365코너 연세대학교사회과학대 연희관1층,서울 서대문구 연세로 50
우리은행 365코너 연세대학교 무악2학사,서울 서대문구 연세로 50
우리은행 365코너 연세대학교생활과학대학 삼성관,서울 서대문구 연세로 50
우리은행 365코너 연세대학교 무악1학사,서울 서대문구 연세로 50
우리은행 365코너 연세대학교 백양관1층,서울 서대문구 연세로 50
우리은행 365코너 연세대학교 과학원1층,서울 서대문구 연세로 50
우리은행 365코너 연세대학교 학생회관,서울 서대문구 연세로 50
우리은행 365코너 연세대학교 광복관,서울 서대문구 연세로 50
우리은행 365코너 연세대학 음악대신관,서울 서대문구 연세로 50
우리은행 365코너 연세대학교 구공학관2층,서울 서대문구 연세로 50
우리은행 365코너 연세대학교 구도서관1층,서울 서대문구 연세로 50
우리은행 365코너 연세대학교 과학의학관,서울 서대문구 연세로 50
우리은행 365코너 연세대학교 첨단과학기술연구관2층복도,서울 서대문구 연세로 50
우리은행 365코너 연세대학교공과대학 신관1층,서울 서대문구 연세로 50
우리은행 365코너 연세금융센터,서울 서대문구 연세로 50 공과대학 공학관 구관 2층
우리은행 365코너 연세금융센터,서울 서대문구 연세로 50 연세공학원
우리은행 365코너 새 연세장례식장 지하1층,서울 서대문구 연세로 50-1
우리은행 365코너 세브란스병원1층 응급실,서울 서대문구 연세로 50-1
우리은행 365코너 연세암병원 점두,서울 서대문구 연세로 50-1
우리은행 365코너 세브란스병원 신장례식장 구내식당입구,서울 서대문구 연세로 50-1
우리은행 365코너 세브란스 어린이병원 1층,서울 서대문구 연세로 50-1
우리은행 365코너 에비슨생명연구센터 식당후문,서울 서대문구 연세로 50-1
우리은행 365코너 연세의료원 안이비인후과 3층,서울 서대문구 연세로 50-1
우리은행 365코너 연세대학교 치과대학,서울 서대문구 연세로 50-1
우리은행 365코너 세브란스병원2층 직원휴게실,서울 서대문구 연세로 50-1
우리은행 365코너 연세의료원 재활병원 1층,서울 서대문구 연세로 50-1
우리은행 365코너 세브란스병원 3층 푸드코트,서울 서대문구 연세로 50-1
우리은행 365코너 심장혈관병원1층 복약상담실앞,서울 서대문구 연세로 50-1
우리은행 365코너 연세금융센터,서울 서대문구 연세로 50-1 연세대학교 간호대학 지하1층
우리은행 365코너 동신병원 본관1층,서울 서대문구 연희로 272
우리은행 365코너 북가좌동지점,서울 서대문구 응암로 54
우리은행 365코너 구세군빌딩1층,서울 서대문구 충정로 7
우리은행 365코너 유진상가1층 굿모닝마트 입구,서울 서대문구 통일로 484
우리은행 365코너 홍제2동점,서울 서대문구 통일로34길 35
우리은행 365코너 서울예술실용전문학교,서울 서대문구 통일로37길 51
우리은행 365코너 서초금융센터,서울 서초구 강남대로 369
우리은행 365코너 강남역지점,서울 서초구 강남대로 415
우리은행 365코너 강남교보타워금융센터,서울 서초구 강남대로 465
우리은행 365코너 예술의전당점,서울 서초구 남부순환로 2406 비타민스테이션 로비
우리은행 365코너 서초구청본청앞,서울 서초구 남부순환로 2584
우리은행 365코너 서울시 전산정보관리소,서울 서초구 남부순환로340길 49
우리은행 365코너 서울시정개발원,서울 서초구 남부순환로340길 58
우리은행 365코너 서울시공무원교육원강의동1층,서울 서초구 남부순환로340길 58
우리은행 365코너 왕실예식장로비,서울 서초구 동작대로 172
우리은행 365코너 이마트양재점,서울 서초구 매헌로 16 지하1층
우리은행 365코너 양재우성아파트점,서울 서초구 바우뫼로 87
우리은행 365코너 온누리교회양재동본당,서울 서초구 바우뫼로31길 70 1층로비
우리은행 365코너 우면동점,서울 서초구 바우뫼로7길 3
우리은행 365코너 사랑의교회미션동,서울 서초구 반포대로 121
우리은행 365코너 사랑의교회남측,서울 서초구 반포대로 121 1층 로비
우리은행 365코너 가톨릭대 성의교정,서울 서초구 반포대로 222
우리은행 365코너 서울성모병원지점,서울 서초구 반포대로 222 1층 직원식당
우리은행 365코너 서울성모병원,서울 서초구 반포대로 222 1층로비
우리은행 365코너 서울성모병원 장례식장,서울 서초구 반포대로 222 장례식장 1층로비
우리은행 365코너 래미안퍼스티지아파트커뮤니티센터내,서울 서초구 반포대로 275
우리은행 365코너 영동프라자상가,서울 서초구 서운로 184 교보타워빌딩 1층
우리은행 365 자동화코너 삼풍지점,서울 서초구 서초중앙로24길 19
우리은행 365코너 삼성전자우면동R&D센터,서울 서초구 성촌길 33
우리은행 365코너 삼성전자서울R&D캠퍼스출장소,서울 서초구 성촌길 33 D동 지하
우리은행 365코너 호남선하차장인근,서울 서초구 신반포로 176
우리은행 365코너 센트럴시티지점,서울 서초구 신반포로 176
우리은행 365코너 반포자이아파트 자이안센터내,서울 서초구 신반포로 270
우리은행 365코너 덜위치칼리지서울,서울 서초구 신반포로15길 6
우리은행 365코너 서초LH스타힐스아파트,서울 서초구 양재대로2길 90
우리은행 365코너 신반포금융센터점,서울 서초구 잠원로 37-6 본관 2층
우리은행 365코너 뉴코아쇼핑센터3관,서울 서초구 잠원로 69
우리은행 365코너 남태령마을회관앞,서울 서초구 전원말안길 2
우리은행 365코너 대한투자무역진흥공사지하1층,서울 서초구 헌릉로 13
우리은행 365코너 한전서초지사별관,서울 서초구 효령로72길 60
우리은행 365코너 서울중앙병원출입구옆,서울 성동구 금호동2가 500-9
우리은행 365코너 벽산아파트상가후문,서울 성동구 금호로 100
우리은행 365코너 신금호역점,서울 성동구 금호로 147
우리은행 365코너 금호동대우아파트,서울 성동구 독서당로 272
우리은행 365코너 응봉동대림상가,서울 성동구 독서당로 434
우리은행 365코너 서울동부노인전문요양센터,서울 성동구 마장로23길 12
우리은행 365코너 한양대학교사범대학 부속고등학교,서울 성동구 마조로 42
우리은행 365코너 갤러리아포레,서울 성동구 서울숲2길 32-14
우리은행 365코너 대한상운,서울 성동구 서울숲길 41
우리은행 365코너 성수동금융센터점외,서울 성동구 성수이로7길 27 서울숲코오롱디지털타워 2차 1층
우리은행 365코너 성수동콜센터,서울 성동구 아차산로15길 19
우리은행 365코너 우리W타워 내,서울 성동구 아차산로15길 19
우리은행 365코너 이마트왕십리역점 고객만족센터앞,서울 성동구 왕십리광장로 17
우리은행 365코너 강변건영아파트,서울 성동구 왕십리로 36
우리은행 365코너 장한평중고차시장 C동,서울 성동구 자동차시장1길 70
우리은행 365코너 장한평중고차시장 A동,서울 성동구 자동차시장1길 70
우리은행 365코너 예스코,서울 성동구 자동차시장길 23
우리은행 365코너 청계벽산아파트 입구,서울 성동구 청계천로 484
우리은행 365코너 고려대스마트점,서울 성북구 고려대로27길 4
우리은행 365코너 위비스마트브랜치 고대,서울 성북구 고려대로27길 4
우리은행 365코너 석관동 돌곶이로점,서울 성북구 돌곶이로 9
우리은행 365코너 정릉점,서울 성북구 보국문로 45
우리은행 365코너 성북구청지점,서울 성북구 보문로 168
우리은행 365코너 돈암동점,서울 성북구 보문로 189
우리은행 365코너 성북구청지점,서울 성북구 보문로34다길 2
우리은행 365코너 성신여대 수정관,서울 성북구 보문로34다길 2
우리은행 365코너 생명의전화 종합사회복지관,서울 성북구 오패산로 21
우리은행 365코너 월곡동점,서울 성북구 월계로 52
우리은행 365코너 국민대학교법학관내,서울 성북구 정릉로 77
우리은행 365코너 국민대학교북악관1층,서울 성북구 정릉로 77
우리은행 365코너 국민대학교본부관1층,서울 성북구 정릉로 77
우리은행 365코너 국민대학교국제관1층,서울 성북구 정릉로 77
우리은행 365코너 국민대학교공학관1층,서울 성북구 정릉로 77
우리은행 365코너 이마트 하월곡점,서울 성북구 종암로 167 1층
우리은행 365코너 홈플러스 월곡점,서울 성북구 화랑로 76 1층
우리은행 365코너 가락쌍용프라자,서울 송파구 동남로 189
우리은행 365코너 쌍용APT관리소입구,서울 송파구 동남로 193
우리은행 365코너 순복음송파교회입구,서울 송파구 마천로 17
우리은행 365코너 청호빌딩 1층 로비,서울 송파구 석촌호수로 118
우리은행 365코너 타워730지하1층,서울 송파구 송파대로 570
우리은행 365코너 금호아파트상가,서울 송파구 송파대로32길 15
우리은행 365코너 일신여자상업고등학교1층,서울 송파구 송파대로38길 8
우리은행 365코너 송파구체육문화회관,서울 송파구 양산로 15
우리은행 365코너 한국체육대학교 본관1층,서울 송파구 양재대로 1239
우리은행 365코너 한국체육대학교 과학관1층,서울 송파구 양재대로 1239
우리은행 365코너 갤러리아팰리스지점,서울 송파구 올림픽로 240
우리은행 365코너 잠실실내체육관,서울 송파구 올림픽로 25
우리은행 365코너 잠실중앙점,서울 송파구 올림픽로 269
우리은행 365코너 제2롯데월드 쇼핑몰,서울 송파구 올림픽로 300 5층
우리은행 365코너 우리금융아트홀,서울 송파구 올림픽로 424
우리은행 365코너 홈플러스신천점,서울 송파구 올림픽로35가길 16
우리은행 365코너 잠실향군타워빌딩,서울 송파구 올림픽로35길 123
우리은행 365코너 잠실역금융센터,서울 송파구 올림픽로35다길 13
우리은행 365코너 루터회관1층,서울 송파구 올림픽로35다길 42
우리은행 365코너 잠실나루역점,서울 송파구 올림픽로37길 130 파크리오상가 1층
우리은행 365코너 위례신도시점,서울 송파구 위례광장로 193
우리은행 365코너 제이에스지점,서울 송파구 위례성대로12길 18
우리은행 365코너 구립송파노인요양센터입구,서울 송파구 충민로 184
우리은행 365코너 송파파인타운7단지 관리사무소,서울 송파구 충민로4길 19
우리은행 365코너 진화운수,서울 송파구 충민로6길 61-5
우리은행 365코너 신월1동지점,서울 양천구 곰달래로5길 17
우리은행 365코너 목동우성아파트점,서울 양천구 목동남로4길 6-23
우리은행 365코너 목동역점,서울 양천구 목동로 213
우리은행 365코너 양천아파트점,서울 양천구 목동로3길 57
우리은행 365코너 목동e편한세상 상가앞,서울 양천구 목동중앙로7길 32
우리은행 365코너 신정이펜하우스1단지정문,서울 양천구 신정동 1321-3
우리은행 365코너 서남병원지하1층에스컬레이터옆,서울 양천구 신정이펜1로 20
우리은행 365코너 신정이펜하우스3단지출입구,서울 양천구 신정이펜1로 50
우리은행 365코너 목동지점,서울 양천구 오목로 299 이마트 목동점
우리은행 365코너 신정역지점,서울 양천구 은행정로 72
우리은행 365코너 신정네거리역점,서울 양천구 중앙로 237
우리은행 365코너 신정뉴타운롯데캐슬아파트,서울 양천구 중앙로29길 61
우리은행 365코너 이마트 신월점,서울 양천구 화곡로 59
우리은행 365코너 응급지원센터수납창구옆,서울 영등포구 63로 10
우리은행 365코너 대림3동지점,서울 영등포구 가마산로 356
우리은행 365코너 롯데백화점 영등포점,서울 영등포구 경인로 846 3층
우리은행 365코너 원IFC빌딩 LG하우시스 15층휴게실,서울 영등포구 국제금융로 10
우리은행 365코너 여의도중앙금융센터,서울 영등포구 국제금융로 10 서울국제금융센터 지하 1층
우리은행 365코너 영등포구민회관,서울 영등포구 국회대로 596
우리은행 365코너 여의도순복음교회 대성전,서울 영등포구 국회대로76길 15
우리은행 365코너 현대해상지하1층,서울 영등포구 당산로 141
우리은행 365코너 문래역 옥외형,서울 영등포구 당산로 42
우리은행 365코너 남부도로사업소,서울 영등포구 도림로 145
우리은행 365코너 대림서점,서울 영등포구 도림로 193
우리은행 365코너 대림1동점,서울 영등포구 디지털로 387
우리은행 365코너점 대림동지점,서울 영등포구 디지털로 387
우리은행 365코너 전자신문사 신관입구,서울 영등포구 버드나루로12가길 51
우리은행 365코너 영등포구청별관,서울 영등포구 선유동1로 80
우리은행 365코너 코스트코양평점,서울 영등포구 선유로 156
우리은행 365코너 문래동지점,서울 영등포구 선유로 70
우리은행 365코너 청우오토프라자,서울 영등포구 선유로43길 27 1층
우리은행365코너 문래동6가지점,서울 영등포구 선유서로 40
우리은행 365코너 세븐일레븐대림성모병원점,서울 영등포구 시흥대로 657
우리은행 365코너 한림대강남성심병원 본관1층입구,서울 영등포구 신길로 1
우리은행 365코너 한림대강남성심병원 신관,서울 영등포구 신길로 1
우리은행 365코너 영등포구민체육센터,서울 영등포구 신풍로 1
우리은행 365코너 E-BIZ센터 1층,서울 영등포구 양산로 43
우리은행 365코너 선유도역8번출구,서울 영등포구 양평로 127
우리은행 365코너 LG트윈타워금융센터점,서울 영등포구 여의대로 128 LG트윈타워 동관 2층
우리은행 365코너 신길삼환아파트지점,서울 영등포구 여의대방로43라길 6
우리은행 365코너 성애병원 본관1층,서울 영등포구 여의대방로53길 22
우리은행 365코너 성애병원옥외정문출입구우측,서울 영등포구 여의대방로53길 22
우리은행 365코너 이마트여의도점,서울 영등포구 여의동로3길 10
우리은행 365코너 동아프라임밸리 1층,서울 영등포구 영등포로5길 19
우리은행 365코너 신길교회,서울 영등포구 영등포로67가길 9
우리은행 365코너 서여의도금융센터,서울 영등포구 의사당대로 1
우리은행 365코너 수송동대림금융센터,서울 영등포구 의사당대로 16 1층
우리은행 365코너 후암동자동화점,서울 용산구 두텁바위로 79-2
우리은행 365코너 두란노서원1층주차장,서울 용산구 서빙고로65길 38
우리은행 365코너 선교관1층카페정문출입구,서울 용산구 이촌로 347-11
우리은행 365코너 서부이촌동지점,서울 용산구 이촌로22길 14
우리은행 365코너 한남동금융센터,서울 용산구 이태원로 239
우리은행 365코너 전쟁기념관 뮤지엄웨딩홀 내,서울 용산구 이태원로 29
우리은행 365코너 삼일교회B관내,서울 용산구 청파로 304
우리은행 365코너 용산전자랜드,서울 용산구 청파로 74
우리은행 365코너 용산전자랜드3층,서울 용산구 청파로 74
우리은행 365코너 용산전자랜드2층중앙승강구옆,서울 용산구 청파로 74
우리은행 365코너 용산파크자이아파트 D동오피스텔 1층로비,서울 용산구 한강대로 205
우리은행 365코너 LG유플러스 용산빌딩,서울 용산구 한강대로 32
우리은행 365코너 서울역 라운지,서울 용산구 한강대로 405
우리은행 365코너 이마트용산점,서울 용산구 한강대로23길 55
우리은행 365코너 백련산힐스테이트3차,서울 은평구 백련산로 36
우리은행 365코너 백련산힐스테이트,서울 은평구 백련산로2길 19
우리은행 365코너 팜스퀘어 킴스클럽,"서울 은평구 불광로 20 지하 1, 2층"
우리은행 365코너 이마트수색점,서울 은평구 수색로 217
우리은행 365코너 은평공영차고지,서울 은평구 수색로24길 19
우리은행 365코너 이마트 은평점,서울 은평구 은평로 111
우리은행 365코너 응암로지점,서울 은평구 은평터널로 196
우리은행 365코너 은평신사점,서울 은평구 은평터널로 196
우리은행 365코너 은평상림마을,서울 은평구 진관4로 47
우리은행 365코너 은평뉴타운마고정3단지아파트,서울 은평구 진관동 202-66
우리은행 365코너 한국환경산업기술원 별관,서울 은평구 진흥로 215
우리은행365코너 불광동지점,서울 은평구 통일로 715
우리은행 365코너 범서쇼핑센터,서울 은평구 통일로 842 1층
우리은행 365코너 서울보증보험본사1층,서울 종로구 김상옥로 29
우리은행 365코너 단성골드주얼리센터1층,서울 종로구 돈화문로 26
우리은행 365코너 종로3가지점,서울 종로구 돈화문로5가길 1
우리은행 365코너 종로5가점,서울 종로구 동호로 399
우리은행 365코너와룡문화센터자동화점,서울 종로구 명륜길 26
우리은행 365코너 종로구청지점,서울 종로구 삼봉로 43
우리은행 365코너 재동지점,서울 종로구 삼일대로 457
우리은행 365코너 삼청동지점,서울 종로구 삼청로 83
우리은행 365코너 서울역사박물관,서울 종로구 새문안로 55
우리은행 365코너 LG광화문빌딩내,서울 종로구 새문안로 58
우리은행 365코너 금호빌딩2층,서울 종로구 새문안로 75
우리은행 365코너 건학600주년기념관점,서울 종로구 성균관로 25-2
우리은행 365코너 성균관대학교 학술정보관앞,서울 종로구 성균관로 25-2
우리은행 365코너 성균관대학교 수선관,서울 종로구 성균관로 25-2
우리은행 365코너 성균관대학교 학생회관 3층현관,서울 종로구 성균관로 25-2
우리은행 365코너 현대해상빌딩,서울 종로구 세종대로 163
우리은행 365코너 세종문화회관점,서울 종로구 세종대로 175
우리은행 365코너 SK에너지본사 지하1층약국옆,서울 종로구 종로 26
우리은행 365코너 동대문지점,서울 종로구 종로 266
우리은행 365코너 창신동지점,서울 종로구 종로 311
우리은행 365코너 그랑서울TOWER1,서울 종로구 종로 33
우리은행 365코너 서울글로벌센터,서울 종로구 종로 38
우리은행 365코너 종로6가지점,서울 종로구 종로41길 25
우리은행 365코너 창신역입구점,서울 종로구 지봉로 99
우리은행 365코너 신설동지점,서울 종로구 지봉로12가길 15-7 대성빌딩 1층
우리은행 365코너 세운스퀘어 주얼리관1층,서울 종로구 창경궁로 109
우리은행 365코너 종로플레이스1층출입문,서울 종로구 창경궁로 120
우리은행 365코너 동아일보본관지하1층,서울 종로구 청계천로 1
우리은행 365코너 중국은행서울지점,서울 종로구 청계천로 41
우리은행 365코너 상명대학교 종합관,서울 종로구 홍지문2길 20
우리은행 365코너 상명대학교 인사관,서울 종로구 홍지문2길 20
우리은행 365코너 상명대학교 학생회관,서울 종로구 홍지문2길 20
우리은행 365코너 상명대미래백년관,서울 종로구 홍지문2길 20 지하1층
우리은행 365코너 와이지씨타워 1층,서울 중구 남대문로9길 40
우리은행 365코너 남대문시장지점,서울 중구 남대문시장4길 3 중앙상가 C동 3층
우리은행 365코너 삼익패션타운 정문,서울 중구 남대문시장8길 7
우리은행365코너 남대문시장지점,서울 중구 남대문시장길 25-8
우리은행 365코너 동대문디오트점,서울 중구 다산로 293
우리은행 365코너 중구청소년수련관,서울 중구 동호로5길 19 1층
우리은행 365코너 APM쇼핑몰점,서울 중구 마장로 40
우리은행 365코너 테크노상가입구,서울 중구 마장로1가길 17
우리은행 365코너 명동금융센터,서울 중구 명동길 42
우리은행 365코너 서울시청금융센터,서울 중구 무교로 21
우리은행 365코너 세운금융센터,서울 중구 서애로1길 17 제일병원 외래센타 1층
우리은행 365코너 시청역,서울 중구 세종대로 지하 101 구매표실옆
우리은행 365코너 삼성타운금융센터,서울 중구 세종대로7길 25 지하1층
우리은행 365코너 본점영업부앞,서울 중구 소공로 51
우리은행 365코너 숭의여자대학교 본관,서울 중구 소파로2길 10
우리은행 365코너 중부시장입구,서울 중구 을지로 202
우리은행 365코너 APM플레이스 동대문,서울 중구 을지로 276
우리은행 365코너 DDP디자인장터매표소,서울 중구 을지로 281
우리은행 365코너 DDP디자인장터APM,서울 중구 을지로 281
우리은행 365코너 DDP살림터,서울 중구 을지로 281 1층 6-1호
우리은행 365코너 삼성화재빌딩 1층로비,서울 중구 을지로 29
우리은행 365코너 롯데백화점방향,서울 중구 을지로 지하 42 지하
우리은행 365코너 중구구민회관,서울 중구 을지로39길 40
우리은행 365코너 동평화패션타운중앙3층계단,서울 중구 청계천로 318
"우리은행 365코너 청평화시장계단사이(1,4층)",서울 중구 청계천로 334
우리은행 365코너 이마트황학점,서울 중구 청계천로 400
우리은행 365코너 약수삼성아파트점,서울 중구 청구로1길 23
우리은행 365코너 한경미디어지점,서울 중구 청파로 463
우리은행 365코너 연세봉래빌딩,서울 중구 칠패로 36 1층 로비
우리은행 365코너 중구문화재단충무아트홀1층,서울 중구 퇴계로 387
우리은행 365코너 신세계백화점신관,서울 중구 퇴계로 77 지하1층 출입구
우리은행 365코너 우리배움터,서울 중구 퇴계로4길 10
우리은행 365코너 장충동지점,서울 중구 퇴계로50길 60
우리은행 365코너 서울역점,서울 중구 한강대로 405
우리은행 365코너 서울역1호점,서울 중구 한강대로 405
우리은행 365코너 서울역3호점,서울 중구 한강대로 405 2층
우리은행 365코너 이마트묵동점,서울 중랑구 동일로 932
우리은행 365코너 홈플러스상봉점,서울 중랑구 망우로 353
우리은행 365코너 홈플러스면목점,서울 중랑구 사가정로 332
우리은행 365코너 이마트상봉점2층,서울 중랑구 상봉로 118
우리은행 365코너 신내4단지아파트,서울 중랑구 숙선옹주로 85
우리은행 365코너 신내3지구우디안아파트,서울 중랑구 신내동 217
우리은행 365코너 태릉역지점,서울 중랑구 신내로 193
우리은행 365코너 홈플러스 신내점,서울 중랑구 신내로 201
우리은행 365코너 중랑구민체육회관,서울 중랑구 신내로15길 189
우리은행 365코너 서일대학교 지덕관앞,서울 중랑구 용마산로90길 28
우리은행 365코너 서일대학교 배양관,서울 중랑구 용마산로90길 28-8
우리은행 365코너 면목한신아파트 상가앞,서울 중랑구 중랑천로 20
