,지점명,주소,구
0,새마새마을금고 ATM 서울대학병원," 대한민국 서울특별시 종로구 창경궁로22길, 11-4",종로구
1,신한신한은행 ATM 서울지방경찰청 지점," 대한민국 서울특별시 종로구 사직로8길, 31",종로구
2,국민국민은행ATM 서울경찰청로비," 대한민국 서울특별시 종로구 사직로8길, 31",종로구
3,신한신한은행 ATM 종로3가 점두365," 대한민국 서울특별시 종로구 종로, 128",종로구
4,신한신한은행ATM 영풍빌딩1층, 대한민국 서울특별시 종로구 서린동 33,종로구
5,기업기업은행 ATM, 대한민국 서울특별시 종로구 소격동 138-36,종로구
6,스탠스탠다드차타드은행ATM 낙원지점, 대한민국 서울특별시 종로구 낙원동 251,종로구
7,우리우리은행 ATM, 대한민국 서울특별시 종로구 청진동 종로3길 17,종로구
8,신한신한은행ATM 다산경제관 앞, 대한민국 서울특별시 종로구 명륜3가 53,종로구
9,우리우리은행 ATM, 대한민국 서울특별시 종로구 공평동 종로 51,종로구
10,신한신한은행 ATM 동대문종합시장," 대한민국 서울특별시 종로구 청계천로, 279",종로구
11,신한신한은행ATM SK빌딩지하, 대한민국 서울특별시 종로구 서린동 115-1,종로구
12,하나하나은행ATM, 대한민국 서울특별시 종로구 종로5.6가동 종로 241,종로구
13,신한신한은행 종로3가지점, 대한민국 서울특별시 종로구 종로3가 130,종로구
14,국민국민은행ATM 혜화전화국점, 대한민국 서울특별시 종로구 연건동 128-9,종로구
15,국민국민은행 ATM 종로3가," 대한민국 서울특별시 종로구 종로, 123",종로구
16,국민국민은행ATM, 대한민국 서울특별시 종로구 사직동 새문안로 76,종로구
17,신한신한은행 ATM 경복궁역 지점," 대한민국 서울특별시 종로구 자하문로, 1",종로구
18,국민국민은행ATM 종로중앙점," 대한민국 서울특별시 종로구 인사동5길, 29",종로구
19,신한신한은행 ATM (주)서울보증보험 지점," 대한민국 서울특별시 종로구 김상옥로, 29",종로구
20,새마새마을금고 ATM 명륜," 대한민국 서울특별시 종로구 성균관로, 55",종로구
21,우리우리은행 종로5가지점, 대한민국 서울특별시 종로구 종로5가 398-3,종로구
22,새마새마을금고 ATM 동문," 대한민국 서울특별시 종로구 종로44길, 9",종로구
23,신한신한은행 종로지점ATM, 대한민국 서울특별시 종로구 견지동 우정국로 48,종로구
24,새마새마을금고 ATM 세검정," 대한민국 서울특별시 종로구 평창11길, 6",종로구
25,신한신한은행 ATM 안국동 점두365," 대한민국 서울특별시 종로구 북촌로, 21",종로구
26,신한신한은행ATM 창신동지점, 대한민국 서울특별시 종로구 창신동 327-2,종로구
27,스탠스탠다드차타드은행ATM 종로5가역지점, 대한민국 서울특별시 종로구 종로5가 138-4,종로구
28,신한신한은행ATM 안국역, 대한민국 서울특별시 종로구 재동 95-2,종로구
29,미쓰미쓰비시UFJ은행 서울지점," 대한민국 서울특별시 종로구 서린동 청계천로 41, 영풍빌딩, 4층",종로구
30,국민국민은행ATM 이북5도청," 대한민국 서울특별시 종로구 비봉길, 64",종로구
31,하나하나은행ATM 성균관대제2교수회관, 대한민국 서울특별시 종로구 명륜3가 53,종로구
32,ATATM, 대한민국 서울특별시 종로구 관철동 종로12길 15,종로구
33,스탠스탠다드차타드은행ATM LG스타지원점, 대한민국 서울특별시 종로구 와룡동 5-9,종로구
34,KEKEB하나은행 ATM, 대한민국 서울특별시 종로구 돈의동 돈화문로5가길 1,종로구
35,우리우리은행 atm, 대한민국 서울특별시 종로구 관훈동 198-30,종로구
36,신한신한은행ATM, 대한민국 서울특별시 종로구 종로2가 종로 80-1,종로구
37,IBIBK기업은행 ATM, 대한민국 서울특별시 종로구 종로5.6가동 종로 275,종로구
38,NHNH농협은행 ATM, 대한민국 서울특별시 종로구 돈의동 돈화문로5가길 1,종로구
39,신한신한은행 ATM 종로금융센터 점두365," 대한민국 서울특별시 종로구 우정국로, 48",종로구
40,신한신한은행ATM 종로1지점, 대한민국 서울특별시 종로구 종로2가 75-7,종로구
41,신한신한은행 ATM 대학로점," 대한민국 서울특별시 종로구 대학로, 122",종로구
42,신한신한은행 ATM 동대문역," 대한민국 서울특별시 종로구 종로, 304-1",종로구
43,신한신한은행 ATM SK건설본점," 대한민국 서울특별시 종로구 인사동7길, 32",종로구
44,국민국민은행 ATM 경복궁역 365자동화점," 대한민국 서울특별시 종로구 자하문로, 6-1",종로구
45,우리우리은행 창신동지점, 대한민국 서울특별시 종로구 창신동 530-1,종로구
46,국민국민은행 ATM 청계," 대한민국 서울특별시 종로구 청계천로, 199",종로구
47,국민국민은행 ATM 창신동," 대한민국 서울특별시 종로구 종로, 330",종로구
48,국민국민은행ATM 혜화동점," 대한민국 서울특별시 종로구 창경궁로, 260",종로구
49,새마새마을금고 ATM 삼청(제1분소)," 대한민국 서울특별시 종로구 북촌로5가길, 11",종로구
50,농협농협ATM, 대한민국 서울특별시 중구 남대문로5가 퇴계로 10,중구
51,효성효성ATM서울도시철도공사동대문운동장역5, 대한민국 서울특별시 중구 광희동1가 마른내로 151,중구
52,씨티씨티은행 ATM, 대한민국 서울특별시 중구 다동 청계천로 24,중구
53,CiCitibank ATM Westin Chosun Seo...," 106 소공로 소공동, 중구 서울특별시, 대한민국",중구
54,신한신한은행 ATM 서울백병원," 대한민국 서울특별시 중구 마른내로, 9",중구
55,ATATM, 대한민국 서울특별시 중구 신당1동 마장로1길 18,중구
56,우리우리은행ATM 가톨릭회관센터점(점외), 대한민국 서울특별시 중구 명동2가 명동길 74,중구
57,스탠스탠다드차타드은행ATM 남산지점, 대한민국 서울특별시 중구 남대문로5가 541,중구
58,하나하나은행 ATM, 대한민국 서울특별시 중구 명동 을지로 66,중구
59,신한신한은행 ATM 소공동금융센터 점두365, 대한민국 서울특별시 중구 소공동 소공로 106,중구
60,한국한국씨티은행ATM 영지동지점, 대한민국 서울특별시 중구 장충동2가 208,중구
61,SCSC제일은행 ATM 제일지점, 대한민국 서울특별시 중구 충무로1가 53-1,중구
62,우체우체국 ATM, 대한민국 서울특별시 중구 소공동 70,중구
63,신한신한은행ATM 영업부1층, 대한민국 서울특별시 중구 태평로2가 120,중구
64,IBIBK기업은행ATM 삼성생명, 대한민국 서울특별시 중구 충무로5가 36-2,중구
65,신한신한은행 ATM 광화문 점두365," 대한민국 서울특별시 중구 세종대로, 135-5",중구
66,신한신한은행ATM 삼성타운점, 대한민국 서울특별시 중구 태평로2가 250,중구
67,우리우리은행ATM," 대한민국 서울특별시 중구 묵정동, 1-23",중구
68,신한신한은행 동대문점 ATM, 대한민국 서울특별시 중구 신당1동 마장로 11,중구
69,KCKCI 동대입구역, 대한민국 서울특별시 중구 장충동2가 189-2,중구
70,신한신한은행ATM, 대한민국 서울특별시 중구 회현동 퇴계로 10,중구
71,신한신한은행ATM 덕수지점, 대한민국 서울특별시 중구 서소문동 21-1,중구
72,신한신한은행 ATM 조선일보사," 대한민국 서울특별시 중구 세종대로21길, 33",중구
73,신한신한은행 ATM 백년관1층," 대한민국 서울특별시 중구 남대문로10길, 29",중구
74,MGMG새마을금고 365코너(ATM), 대한민국 서울특별시 중구 신당1동 마장로 13,중구
75,신한신한은행 무교금융센터, 대한민국 서울특별시 중구 다동 10,중구
76,우리우리은행, 대한민국 서울특별시 중구 인현동2가 마른내로 71,중구
77,SCSC제일은행 ATM(서소문지점), 대한민국 서울특별시 중구 서소문동 서소문로 116,중구
78,신한신한은행 ATM 포스트타워," 대한민국 서울특별시 중구 소공로, 70",중구
79,롯데롯데ATM, 대한민국 서울특별시 중구 을지로1가 을지로 30,중구
80,신한신한은행 ATM 명동금융센터 점두365," 대한민국 서울특별시 중구 명동길, 43",중구
81,신한신한은행 광화문지점, 대한민국 서울특별시 중구 태평로1가 62-12,중구
82,신한신한은행ATM 을지로점내, 대한민국 서울특별시 중구 을지로3가 334-2,중구
83,전북전북은행 ATM, 대한민국 서울특별시 중구 무교동 세종대로 136,중구
84,국민국민은행 명동역지점, 대한민국 서울특별시 중구 충무로2가 64-5,중구
85,미즈미즈호은행 서울지점, 대한민국 서울특별시 중구 태평로1가 84-1,중구
86,우리우리은행 약수역지점, 대한민국 서울특별시 중구 신당동 368-3,중구
87,ATATM, 대한민국 서울특별시 중구 명동2가 명동길 42,중구
88,우리우리은행ATM, 대한민국 서울특별시 중구 중림동,중구
89,IBIBK 기업은행ATM, 대한민국 서울특별시 중구 회현동 64-14,중구
90,우리우리은행 atm, 대한민국 서울특별시 중구 태평로2가 세종대로 55,중구
91,IBIBK기업은행 ATM, 대한민국 서울특별시 중구 신당1동 마장로1길 28,중구
92,신한신한은행ATM 충무로점내, 대한민국 서울특별시 중구 충무로2가 65-4,중구
93,lolotte atm, 대한민국 서울특별시 중구 명동2가 명동길 60,중구
94,우리우리은행ATM, 대한민국 서울특별시 중구 회현동 퇴계로4길 10,중구
95,신한신한은행ATM, 대한민국 서울특별시 중구 을지로5가 을지로 213,중구
96,신한신한은행 ATM 스테이트타워남산," 대한민국 서울특별시 중구 퇴계로, 100",중구
97,신한신한은행 ATM (구)남대문시장," 대한민국 서울특별시 중구 남대문시장10길, 2",중구
98,우리우리은행 ATM, 대한민국 서울특별시 중구 광희동 을지로39길 40,중구
99,신한신한은행ATM 남대문로5가, 대한민국 서울특별시 중구 남대문로5가 12-29,중구
100,KEKEB하나은행ATM 은행회관, 대한민국 서울특별시 중구 명동1가 명동11길 19,중구
101,우리우리은행ATM, 대한민국 서울특별시 중구 남대문로4가 남대문로,중구
102,우리우리은행ATM, 대한민국 서울특별시 중구 남대문로3가,중구
103,농협농협 ATM, 대한민국 서울특별시 중구 명동1가 명동길 65,중구
104,스탠스탠다드차타드은행ATM 명동지점, 대한민국 서울특별시 중구 명동2가 85-5,중구
105,국민국민은행 ATM, 대한민국 서울특별시 중구 소공동 소공로 109,중구
106,신한신한은행 ATM 충무로극동금융센터 점두365, 대한민국 서울특별시 중구 필동 퇴계로 173,중구
107,국민국민은행ATM 소공동(점외), 대한민국 서울특별시 중구 남대문로3가 110,중구
108,KBKB국민은행 ATM, 대한민국 서울특별시 중구 명동 을지로 100,중구
109,KBKB국민은행 명동점 ATM, 대한민국 서울특별시 중구 명동 명동7길 21,중구
110,신한신한은행 ATM 삼호우주상가5층," 대한민국 서울특별시 중구 남대문시장길, 45-4",중구
111,롯데롯데백화점 에비뉴엘 ATM, 대한민국 서울특별시 중구 남대문로2가 남대문로 73,중구
112,우리우리은행 중림동지점, 대한민국 서울특별시 중구 만리동1가 38,중구
113,우리우리은행 한경미디어지점, 대한민국 서울특별시 중구 중림동 441,중구
114,IBIBK기업은행, 대한민국 서울특별시 중구 충무로1가 퇴계로 109,중구
115,GrGrand Mercure Ambassador Hotel...," KR, 95 청파로20길, 용산구 서울특별시, 대한민국",용산구
116,NoNovotel Ambassador Seoul Yongs...," KR, 95 청파로20길, 용산구 서울특별시, 대한민국",용산구
117,서울서울용산우체국, 대한민국 서울특별시 용산구 한강로동 한강대로 118,용산구
118,신한신한은행 용산금융센터," 대한민국 서울특별시 용산구 한강로동 한강대로 95, B동 3층, 래미안용산더센트럴아파트",용산구
119,전자전자랜드 용산점, 대한민국 서울특별시 용산구 원효로1동 16-21,용산구
120,신한신한은행숙명여자대학교지점, 대한민국 서울특별시 용산구 청파동3가 115,용산구
121,신한신한은행ATM 숙명여자대학교지점, 대한민국 서울특별시 용산구 청파동3가 115,용산구
122,하나하나은행 LS용산타워, 대한민국 서울특별시 용산구 한강로동 한강대로 92,용산구
123,kekeb하나은행 용산역지점, 대한민국 서울특별시 용산구 한강로3가 한강대로23길 55,용산구
124,효성효성ATM서울도시철도공사삼각지역6, 대한민국 서울특별시 용산구 한강로1가 19번지,용산구
125,ATATM, 대한민국 서울특별시 용산구 이태원1동 우사단로10길 23,용산구
126,KBKB국민은행 ATM 이태원점, 대한민국 서울특별시 용산구 이태원1동 이태원로 186,용산구
127,KBKB국민은행 ATM, 대한민국 서울특별시 용산구 이태원2동 회나무로 4,용산구
128,우리우리은행ATM, 대한민국 서울특별시 용산구 동자동 14-126,용산구
129,KEKEB하나은행ATM 용산전자상가점, 대한민국 서울특별시 용산구 한강로3가 청파로 109,용산구
130,신한신한은행ATM 숙대입구역," 대한민국 서울특별시 용산구 남영동, 61-4",용산구
131,비트비트코인 센터 코리아," 13, Itaewon-ro 27ga-gil 3rd Floor, 용산구 서울특별시, 대한민국",용산구
132,신한신한은행ATM 용산전자상가지점, 대한민국 서울특별시 용산구 한강로3가 3-23,용산구
133,우리우리은행ATM 한남동지점1, 대한민국 서울특별시 용산구 한남동 738-20,용산구
134,하나하나은행ATM 한남동2지점, 대한민국 서울특별시 용산구 한남동 657-58,용산구
135,신한신한은행 ATM 이태원 점두365," 대한민국 서울특별시 용산구 이태원로, 179",용산구
136,신한신한은행ATM 신용산역, 대한민국 서울특별시 용산구 한강로2가 322-1,용산구
137,MGMG새마을금고 ATM, 대한민국 서울특별시 용산구 한남동 이태원로42길,용산구
138,효성효성ATM미니스톱용산역사점M, 대한민국 서울특별시 용산구 한강로3가 40-999번지,용산구
139,효성효성ATM미니스톱용산하이엘점M, 대한민국 서울특별시 용산구 한강로2가 2-36번지,용산구
140,효성효성ATM바이더웨이용산해방촌점B, 대한민국 서울특별시 용산구 용산동2가 27-2번지,용산구
141,NINICE 신용산역, 대한민국 서울특별시 용산구 한강로2가 181,용산구
142,신한신한은행 ATM 용산금융센터 점두365," 대한민국 서울특별시 용산구 한강대로, 140",용산구
143,신한신한은행 ATM 용산파크타워 점두365," 대한민국 서울특별시 용산구 서빙고로, 67",용산구
144,KCKCI 신용산역, 대한민국 서울특별시 용산구 한강로2가 181,용산구
145,KCKCI 녹사평역, 대한민국 서울특별시 용산구 용산동4가 4,용산구
146,InIndustry Bank of Korea ATM," 55 신흥로 용산동2가, 용산구 서울특별시, 대한민국",용산구
147,은행은행ATM," 대한민국 서울특별시 용산구 이태원동 187번지, 1층",용산구
148,고바고바우슈퍼은행ATM," 대한민국 서울특별시 용산구 용산동2가 5-754번지, 1층",용산구
149,ATATM, 대한민국 서울특별시 용산구 이태원1동 우사단로 40,용산구
150,ATATM," 대한민국 서울특별시 용산구 이태원2동, 회나무로",용산구
151,NINICE 이촌역, 대한민국 서울특별시 용산구 용산동5가 17,용산구
152,스탠스탠다드차타드은행ATM 이촌동지점, 대한민국 서울특별시 용산구 이촌동 300-27,용산구
153,KCKCI 에이엠피에코리아남영점, 대한민국 서울특별시 용산구 갈월동 93-30,용산구
154,LOLOTTE ATM, 대한민국 서울특별시 용산구 이태원1동 우사단로 46,용산구
155,하나하나은행ATM 원효로지점, 대한민국 서울특별시 용산구 한강로3가 1,용산구
156,신한신한은행ATM 이촌동지점, 대한민국 서울특별시 용산구 이촌동 300-26,용산구
157,국민국민은행ATM, 대한민국 서울특별시 용산구 서계동 264-19번지,용산구
158,KCKCI 싸이클케이신용산점, 대한민국 서울특별시 용산구 한강로2가 140,용산구
159,효성효성ATM미니스톱원효로점, 대한민국 서울특별시 용산구 원효로2가 80-19번지,용산구
160,은행은행공동365, 대한민국 서울특별시 용산구 이태원1동 이태원로 191,용산구
161,2424시간 현금자동지급기, 대한민국 서울특별시 용산구 이태원1동 이태원로27가길 36,용산구
162,KEKEB하나은행 이태원지점, 대한민국 서울특별시 용산구 한남동 737-28,용산구
163,씨유씨유편의점은행ATM," 대한민국 서울특별시 용산구 후암동 244-79번지, 1층",용산구
164,KCKCI 이촌역, 대한민국 서울특별시 용산구 용산동5가 17,용산구
165,우리우리은행 ATM, 대한민국 서울특별시 용산구 이태원2동 회나무로 4,용산구
166,신한신한은행 ATM 원효로 점두365," 대한민국 서울특별시 용산구 원효로, 179",용산구
167,신한신한은행 ATM 한남동금융센터 점두365," 대한민국 서울특별시 용산구 한남대로, 59",용산구
168,QAQATM, 대한민국 서울특별시 용산구 이태원2동 회나무로 13길,용산구
169,신한신한은행ATM 원효2가지점," 대한민국 서울특별시 용산구 원효로2가, 94-2",용산구
170,우리우리은행ATM, 대한민국 서울특별시 용산구 갈월동 101-49번지,용산구
171,신한신한은행ATM 나진상가구름다리, 대한민국 서울특별시 용산구 한강로2가 15-2,용산구
172,NHNH농협은행 ATM, 대한민국 서울특별시 용산구 이태원2동 회나무로 4,용산구
173,IBIBK기업은행ATM 삼원빌라트, 대한민국 서울특별시 용산구 이태원동 226-7,용산구
174,스탠스탠다드차타드은행ATM 세계일보점, 대한민국 서울특별시 용산구 한강로3가 63-1,용산구
175,새마새마을금고 ATM, 대한민국 서울특별시 용산구 이태원1동 이태원로 146,용산구
176,KEKEB하나은행 ATM, 대한민국 서울특별시 용산구 이태원1동 우사단로 43,용산구
177,효성효성ATM훼밀리마트한남리첸시아점F, 대한민국 서울특별시 용산구 한남동 72-1번지,용산구
178,신한신한은행ATM 한남순천향병원, 대한민국 서울특별시 용산구 한남동 657-104,용산구
179,신한신한은행 ATM 한남동일신빌딩," 대한민국 서울특별시 용산구 한남대로, 98",용산구
180,신한신한은행 ATM 만리시장," 대한민국 서울특별시 용산구 효창원로, 261",용산구
181,신한신한은행 ATM 용문시장," 대한민국 서울특별시 용산구 효창원로, 101",용산구
182,KEKEB하나은행 현금지급기, 대한민국 서울특별시 용산구 이태원1동 이태원로 161,용산구
183,신한신한은행 ATM 원효로삼성아파트앞," 대한민국 서울특별시 용산구 원효로, 55",용산구
184,KEKEB하나은행, 대한민국 서울특별시 용산구 한강로3가 서빙고로 31,용산구
185,신한신한은행ATM 숙대정문옆점, 대한민국 서울특별시 용산구 청파동2가 53-12,용산구
186,신한신한은행 ATM, 대한민국 서울특별시 용산구 이태원2동 회나무로 4,용산구
187,신한신한은행 ATM 오리온," 대한민국 서울특별시 용산구 백범로90다길, 13",용산구
188,IBIBK기업은행 ATM, 대한민국 서울특별시 용산구 이태원1동 이태원로 146,용산구
189,신한신한은행 ATM 호텔캐피탈," 대한민국 서울특별시 용산구 장문로, 23",용산구
190,기업기업은행ATM," 대한민국 서울특별시 용산구 이태원동 127번지, 1층",용산구
191,IBIBK기업은행 ATM, 대한민국 서울특별시 용산구 이태원1동 우사단로 47,용산구
192,하나하나은행ATM 온누리교회, 대한민국 서울특별시 용산구 서빙고동 241-96,용산구
193,KCKCI 크라운호텔, 대한민국 서울특별시 용산구 이태원동 34-69,용산구
194,ATATM 새마을금고, 대한민국 서울특별시 용산구 이태원1동 이태원로 152,용산구
195,MGMG새마을금고 365코너 현금출금기, 대한민국 서울특별시 용산구 이태원1동 이태원로19길 6-5,용산구
196,우리우리은행 용산역지점, 대한민국 서울특별시 용산구 한강로3가 40-999,용산구
197,KBKB국민은행 용산지점, 대한민국 서울특별시 용산구 한강로3가 2-1,용산구
198,KBKB국민은행 용산파크타워, 대한민국 서울특별시 용산구 용산동5가 24,용산구
199,우리우리은행 용산지점, 대한민국 서울특별시 용산구 한강로1가 236-5,용산구
200,이사이사뱅크용산지점, 대한민국 서울특별시 용산구 원효로1가,용산구
201,우리우리은행 용산파크자이출장소, 대한민국 서울특별시 용산구 한강로1가 50-1,용산구
202,KBKB국민은행 신용산역지점, 대한민국 서울특별시 용산구 한강로2가 314-1,용산구
203,우리우리은행 용산전자랜드지점, 대한민국 서울특별시 용산구 한강로3가 16-9,용산구
204,KBKB국민은행 한남동, 대한민국 서울특별시 용산구 한남동 한남대로21길 8,용산구
205,하나하나은행 용산전자상가지점, 대한민국 서울특별시 용산구 한강로3가 1-1,용산구
206,중소중소기업은행 용산지점, 대한민국 서울특별시 용산구 남영동 87,용산구
207,KEKEB하나은행 이태원남지점, 대한민국 서울특별시 용산구 이태원1동 장문로 27,용산구
208,SHSH수협은행 용산역지점," 대한민국 서울특별시 용산구 한강로동 한강대로 69, 용산푸르지오써밋",용산구
209,신한신한은행 용산파크타워지점, 대한민국 서울특별시 용산구 용산동5가 19,용산구
210,SCSC제일은행 용산지점," 대한민국 서울특별시 용산구 한강로동 한강대로 92, LS용산타워",용산구
211,IBIBK기업은행 용산지점, 대한민국 서울특별시 용산구 남영동 87,용산구
212,용산용산새마을금고," 신흥로18길 3, 용산구 서울특별시, 대한민국",용산구
213,용산용산새마을금고 신흥분소, 대한민국 서울특별시 용산구 용산동2가 1-441,용산구
214,용산용산전자단지새마을금고, 대한민국 서울특별시 용산구 한강로3가 1-1,용산구
215,KBKB국민은행 국군재정관리단출장소, 대한민국 서울특별시 용산구 이태원2동 회나무로 4,용산구
216,용산용산중앙새마을금고, 대한민국 서울특별시 용산구 원효로2가 21,용산구
217,용산용산전자단지새마을금고, 대한민국 서울특별시 용산구 한강로2가 15-2,용산구
218,용산용산동2가새마을금고, 대한민국 서울특별시 용산구 용산동2가 1-441,용산구
219,하나하나은행 신용산지점, 대한민국 서울특별시 용산구 용산동5가 19-31,용산구
220,NHNH농협은행 용산금융센터, 대한민국 서울특별시 용산구 한강로2가 15-19,용산구
221,SCSC제일은행 후암동지점, 대한민국 서울특별시 용산구 후암동 후암로 46,용산구
222,국민국민은행 용산 종합금융센타, 대한민국 서울특별시 용산구 한강로3가 1-2,용산구
223,국민국민은행 효창동지점, 대한민국 서울특별시 용산구 효창동 5-36,용산구
224,용산용산금매입, 대한민국 서울특별시 용산구 보광동,용산구
225,NHNH농협은행 신용산지점, 대한민국 서울특별시 용산구 한강로동 339-3,용산구
226,용산용산새마을금고 용암분소, 대한민국 서울특별시 용산구 용산동2가 38-20,용산구
227,이태이태원2동새마을금고, 대한민국 서울특별시 용산구 이태원동 225-167,용산구
228,KEKEB하나은행 동부이촌동(출), 대한민국 서울특별시 용산구 이촌1동 이촌로 303,용산구
229,국민국민은행 이촌피비센터, 대한민국 서울특별시 용산구 이촌동 302-51,용산구
230,국민국민은행 동부이촌동지점," 대한민국 서울특별시 용산구, 이촌로 206",용산구
231,신한신한은행 용산전자금융센터, 대한민국 서울특별시 용산구 한강로3가 3-23,용산구
232,SCSC제일은행 이촌동지점, 대한민국 서울특별시 용산구 이촌1동 이촌로 223-13,용산구
233,용문용문마을금고, 대한민국 서울특별시 용산구 용문동 41-5,용산구
234,ATATM," 48 이태원로54길 한남동, 용산구 서울특별시, 대한민국",용산구
235,하나하나은행 서빙고지점, 대한민국 서울특별시 용산구 서빙고동 271-106,용산구
236,신한신한은행," 대한민국 서울특별시 용산구 용산동5가 24-1번지, 1층",용산구
237,하나하나은행 이촌지점, 대한민국 서울특별시 용산구 이촌1동 302-98,용산구
238,신한신한은행 동부이촌동지점, 대한민국 서울특별시 용산구 이촌1동 이촌로 293,용산구
239,신한신한은행 이태원점, 대한민국 서울특별시 용산구 이태원1동 이태원로 179,용산구
240,정보정보디자인협동조합, 대한민국 서울특별시 용산구 용산동2가 1-1136,용산구
241,농협농협은행 보광동지점, 대한민국 서울특별시 용산구 보광동 보광로 34,용산구
242,우리우리은행 원효로지점, 대한민국 서울특별시 용산구 원효로3가 56-4,용산구
243,KEKEB하나은행 이태원점," 대한민국 서울특별시 용산구 이태원1 이태원로 145, 동",용산구
244,중소중소기업은행 원효로지점, 대한민국 서울특별시 용산구 원효로3가 52-5,용산구
245,IBIBK기업은행 WM센터 한남동, 대한민국 서울특별시 용산구 한남동 한남대로 72,용산구
246,하나하나로마트 용산점, 대한민국 서울특별시 용산구 한강로동 청파로 122,용산구
247,우리우리은행 동자동지점, 대한민국 서울특별시 용산구 갈월동 2-5,용산구
248,우리우리은행 서빙고동지점, 대한민국 서울특별시 용산구 용산동6가 69-167,용산구
249,신한신한은행 이촌지점, 대한민국 서울특별시 용산구 이촌동 300-26,용산구
250,후암후암동새마을금고, 대한민국 서울특별시 용산구 후암동 103-3,용산구
251,우리우리은행 국방부(출), 대한민국 서울특별시 용산구 한강로동 이태원로 22,용산구
252,KBKB국민은행 국군재정관리단출장소, 대한민국 서울특별시 용산구 이태원동 306-3,용산구
253,신한신한은행, 대한민국 서울특별시 용산구 한강로2가 101번지,용산구
254,보광보광동새마을금고, 대한민국 서울특별시 용산구 보광동 217-63,용산구
255,NHNH농협은행 국군재정관리단출장소, 대한민국 서울특별시 용산구 이태원2동 회나무로 4,용산구
256,한강한강3동새마을금고, 대한민국 서울특별시 용산구 한강로3가 65-217,용산구
257,새마새마을금고 이태원1동점, 대한민국 서울특별시 용산구 이태원동 128-7,용산구
258,장발장발장은행, 대한민국 서울특별시 용산구 효창동 효창원로64길 22,용산구
259,우리우리은행 한남동지점, 대한민국 서울특별시 용산구 한남동 738-20,용산구
260,이연이연소프트뱅크, 대한민국 서울특별시 용산구 이촌동 422,용산구
261,KBKB국민은행 서울역환전센터, 대한민국 서울특별시 용산구 동자동 43-227,용산구
262,NHNH농협은행 한남동지점, 대한민국 서울특별시 용산구 한남동 한남대로21길 17,용산구
263,하나하나은행 한남1동지점, 대한민국 서울특별시 용산구 한남동 28-2,용산구
264,효창효창동새마을금고, 대한민국 서울특별시 용산구 효창동 5-536,용산구
265,CUCU 용산삼구빌딩점, 대한민국 서울특별시 용산구 한강로3가 청파로 40,용산구
266,하나하나은행 한남동지점, 대한민국 서울특별시 용산구 한남동 76-28,용산구
267,중소중소기업은행," 대한민국 서울특별시 용산구 한남동 번지 지상 707-18, 11층",용산구
268,원효원효1동새마을금고, 대한민국 서울특별시 용산구 원효로2가 21,용산구
269,이촌이촌새마을금고 본점, 대한민국 서울특별시 용산구 이촌2동 206-17,용산구
270,이촌이촌새마을금고 동부지점, 대한민국 서울특별시 용산구 이촌동 300-89,용산구
271,이촌이촌2동새마을금고 한강지점, 대한민국 서울특별시 용산구 이촌동 193-3,용산구
272,농협농협은행 원효로지점," 대한민국 서울특별시 용산구 원효로1동 원효로 271번지, 1층, 2층",용산구
273,청파청파새마을금고 본점, 대한민국 서울특별시 용산구 청파동3가 21-9,용산구
274,와우와우환전, 대한민국 서울특별시 용산구 이태원동 127-13,용산구
275,GSGS25 효창점, 대한민국 서울특별시 용산구 효창동 3-292,용산구
276,CUCU 이태원탑점, 대한민국 서울특별시 용산구 이태원1동 이태원로19길 10,용산구
277,AlAlBaraka, 대한민국 서울특별시 용산구 이태원1동 우사단로10가길 2,용산구
278,GSGS25 효창행복점, 대한민국 서울특별시 용산구 효창동 효창원로69길 15,용산구
279,미니미니스톱, 대한민국 서울특별시 용산구 서계동 219-1,용산구
280,AgAgainst the machine, 대한민국 서울특별시 용산구 한남동 이태원로54길 48,용산구
281,롯데롯데슈퍼 원효로점," 대한민국 서울특별시 용산구 백범로 341, A동 B1층, 리첸시아",용산구
282,푸르푸르덴셜생명보험 한마음지점, 대한민국 서울특별시 용산구 동자동 12-5,용산구
283,배스배스킨라빈스 한남점, 대한민국 서울특별시 용산구 한남동 대사관로 68,용산구
284,탈레탈레스, 대한민국 서울특별시 용산구 한남동 독서당로 98,용산구
285,신한신한은행ATM 왕십리역, 대한민국 서울특별시 성동구 행당동 196-27,성동구
286,국민국민은행ATM 한양대지점, 대한민국 서울특별시 성동구 행당동 158-53,성동구
287,신한신한은행ATM, 대한민국 서울특별시 성동구 사근동 마조로 22-2,성동구
288,하나하나은행 옥수역지점, 대한민국 서울특별시 성동구 옥수동 한림말길 53,성동구
289,KEKEB하나은행 화양지점, 대한민국 서울특별시 광진구 화양동 동일로 180,광진구
290,국민국민은행ATM, 대한민국 서울특별시 광진구 화양동 3-26,광진구
291,국민국민은행ATM 화양동지점, 대한민국 서울특별시 광진구 화양동 111-102,광진구
292,신한신한은행ATM 건국대학교지점, 대한민국 서울특별시 광진구 화양동 1,광진구
293,하나하나은행ATM 군자동지점, 대한민국 서울특별시 광진구 군자동 346-24,광진구
294,우리우리은행ATM 광장동지점, 대한민국 서울특별시 광진구 광장동 218-1,광진구
295,국민국민은행 건대역지점, 대한민국 서울특별시 광진구 화양동 48-3,광진구
296,신한신한은행 ATM 서울성심병원," 대한민국 서울특별시 동대문구 왕산로, 259",동대문구
297,신한신한은행 ATM 서울풍물시장1층," 대한민국 서울특별시 동대문구 천호대로4길, 21",동대문구
298,효성효성ATM답십리점F, 대한민국 서울특별시 동대문구 답십리동 469-1번지,동대문구
299,우리우리은행 ATM 삼육서울병원출, 대한민국 서울특별시 동대문구 휘경동 망우로 82,동대문구
300,효성효성ATM훼밀리마트제기점F," 대한민국 서울특별시 동대문구 제기동 591, 제기동 591번지 동대문구 서울특별시 KR 02572",동대문구
301,신한신한은행ATM 청량리역, 대한민국 서울특별시 동대문구 청량리동 757,동대문구
302,국민국민은행ATM365 찰영소사거리점, 대한민국 서울특별시 동대문구 장안동 139-27,동대문구
303,우리우리은행 ATM 회기동지점," 대한민국 서울특별시 동대문구 회기동, 16-64",동대문구
304,우리우리은행ATM 영화진흥공사, 대한민국 서울특별시 동대문구 청량리동 206-46,동대문구
305,효성효성ATM일반설치점토마토, 대한민국 서울특별시 동대문구 이문동 264 363번지,동대문구
306,신한신한은행 ATM 외대역," 대한민국 서울특별시 동대문구 휘경로, 13",동대문구
307,우리우리은행 ATM 청량리중앙지점," 대한민국 서울특별시 동대문구 제기동, 652-1",동대문구
308,신한신한은행ATM, 대한민국 서울특별시 중랑구 면목3.8동 면목로 342,중랑구
309,우리우리은행 ATM 태릉역지점," 대한민국 서울특별시 중랑구 묵1동, 168-18",중랑구
310,KBKB국민은행ATM 중랑구청점, 대한민국 서울특별시 중랑구 신내2동 봉화산로 193,중랑구
311,하나하나은행ATM 태능1지점, 대한민국 서울특별시 중랑구 묵동 157-22,중랑구
312,우리우리은행 ATM 상봉동지점," 대한민국 서울특별시 중랑구 망우2동, 490-3",중랑구
313,하나하나은행ATM 금란교회옆상가, 대한민국 서울특별시 중랑구 망우동 209-11,중랑구
314,하나하나은행ATM 이화미디어고, 대한민국 서울특별시 중랑구 망우동 220,중랑구
315,우리우리은행 ATM 망우동지점," 대한민국 서울특별시 중랑구 망우3동, 531-6",중랑구
316,신한신한은행 ATM 먹골역," 대한민국 서울특별시 중랑구 동일로, 911",중랑구
317,신한신한은행ATM 이마트상봉점, 대한민국 서울특별시 중랑구 망우동 506-1,중랑구
318,신한신한은행 ATM 상봉역 점두365," 대한민국 서울특별시 중랑구 면목로, 460",중랑구
319,효성효성ATM면목은혜점F, 대한민국 서울특별시 중랑구 면목동 121-20번지,중랑구
320,신한신한은행 ATM 신내동 점두365," 대한민국 서울특별시 중랑구 봉화산로, 194",중랑구
321,신한신한은행 ATM 중화역 점두365," 대한민국 서울특별시 중랑구 동일로, 796",중랑구
322,신한신한은행 ATM 코스트코상봉점," 대한민국 서울특별시 중랑구 망우로, 336",중랑구
323,하나하나은행ATM 고려대 중앙도서관(신관), 대한민국 서울특별시 성북구 종암동,성북구
324,하나하나은행ATM 고대국제관, 대한민국 서울특별시 성북구 안암동5가 1-2,성북구
325,KEKEB하나은행 삼선교지점 ATM, 대한민국 서울특별시 성북구 삼선동1가 창경궁로 328,성북구
326,우리우리은행 ATM 삼선교지점," 대한민국 서울특별시 성북구 동소문동2가, 18",성북구
327,신한신한은행ATM 길음뉴타운," 대한민국 서울특별시 성북구 길음동, 1270-2",성북구
328,효성효성ATM굿타임24굿타임24삼선점," 대한민국 서울특별시 성북구 삼선동5가 276, 삼선동5가 276번지 성북구 서울특별시 KR 02862",성북구
329,우리우리은행ATM," 대한민국 서울특별시 성북구 동선동3가, 249-1",성북구
330,국민국민은행 ATM 장위2동점," 대한민국 서울특별시 성북구 장월로, 88",성북구
331,효성효성ATM바이더웨이성북길음점, 대한민국 서울특별시 성북구 길음동 518-12번지,성북구
332,국민국민은행 ATM 성북경찰서 구내식당앞," 대한민국 서울특별시 성북구 보문로, 170",성북구
333,효성효성ATM미니스톱성북동소문점, 대한민국 서울특별시 성북구 동소문동4가 103-27번지,성북구
334,신한신한은행ATM, 대한민국 서울특별시 성북구 동소문동7가 23번지,성북구
335,효성효성ATM유니버셜로직스바다이야기돈암점U, 대한민국 서울특별시 성북구 동선동1가 94번지,성북구
336,효성효성ATM바이더웨이국민대후문점, 대한민국 서울특별시 성북구 정릉동 884-1번지,성북구
337,효성효성ATM훼미리마트월곡역점F, 대한민국 서울특별시 성북구 하월곡동 27-108번지,성북구
338,하나하나은행ATM 고대3지점, 대한민국 서울특별시 성북구 안암동5가 1,성북구
339,신한신한은행 ATM 이마트하월곡점," 대한민국 서울특별시 성북구 종암로, 167",성북구
340,우리우리은행 ATM 월곡동지점," 대한민국 서울특별시 성북구 하월곡동, 79-107",성북구
341,국민국민은행 ATM 종암동점," 대한민국 서울특별시 성북구 종암로, 44",성북구
342,신한신한은행 ATM 이마트미아점," 대한민국 서울특별시 성북구 도봉로, 17",성북구
343,신한신한은행 ATM 동소문한신아파트," 대한민국 서울특별시 성북구 성북로4길, 52",성북구
344,신한신한은행ATM 동소문한신휴아파트, 대한민국 서울특별시 성북구 동소문동7가 23,성북구
345,신한신한은행 ATM 돈암삼성아파트," 대한민국 서울특별시 성북구 동소문로34길, 24",성북구
346,우리우리은행ATM 돈암동지점(점내), 대한민국 서울특별시 성북구 삼선동4가 343,성북구
347,우리우리은행 ATM 장위동지점," 대한민국 서울특별시 성북구 장위동, 229-33",성북구
348,신한신한은행 ATM 정릉 점두365," 대한민국 서울특별시 성북구 보국문로, 37",성북구
349,신한신한은행ATM 삼선교지점, 대한민국 서울특별시 성북구 동소문동2가 16,성북구
350,신한신한은행 ATM 강북금융센터 점두365," 대한민국 서울특별시 강북구 도봉로, 364",강북구
351,IBIBK기업은행ATM 수유벽산아파트, 대한민국 서울특별시 강북구 수유동 187-8,강북구
352,외환외환은행ATM 수유동점, 대한민국 서울특별시 강북구 미아동 189-14,강북구
353,하나하나은행ATM 수유동, 대한민국 서울특별시 강북구 번동 446-13,강북구
354,우리우리은행ATM," 대한민국 서울특별시 강북구 삼양로123길, 1",강북구
355,하나하나은행 수유동, 대한민국 서울특별시 강북구 수유동 185-1,강북구
356,국민국민은행ATM 미아역지점, 대한민국 서울특별시 강북구 미아동,강북구
357,효성효성ATM마이뱅크수유제일점, 대한민국 서울특별시 강북구 미아동 162-48번지,강북구
358,효성효성ATM일반설치점수유아카데미점, 대한민국 서울특별시 강북구 수유동 282-1번지,강북구
359,우리우리은행 ATM 미아동지점," 대한민국 서울특별시 강북구 송천동, 65-2",강북구
360,우리우리은행 ATM 북한산시티지점," 대한민국 서울특별시 강북구 미아7동, 1353-7",강북구
361,농협농협ATM, 대한민국 서울특별시 강북구 수유동 도봉로 373,강북구
362,신한신한은행ATM 수유동지점, 대한민국 서울특별시 강북구 수유동 174-17,강북구
363,우리우리은행 ATM 수유동지점," 대한민국 서울특별시 강북구 수유동, 191-1",강북구
364,신한신한은행 ATM 수유역 지점," 대한민국 서울특별시 강북구 도봉로, 342",강북구
365,신한신한은행 ATM 미아역 지점," 대한민국 서울특별시 강북구 도봉로, 193",강북구
366,우리우리은행 ATM 미아역지점," 대한민국 서울특별시 강북구 미아동, 207-1",강북구
367,KCKCI 미아역, 대한민국 서울특별시 강북구 미아동 197-14,강북구
368,국민국민은행ATM, 대한민국 서울특별시 강북구 미아동 207-20번지,강북구
369,효성효성ATM바이더웨이수유테마점B, 대한민국 서울특별시 강북구 번동 464-1번지,강북구
370,신한신한은행 ATM 미아프라자상가," 대한민국 서울특별시 강북구 삼양로27길, 35-21",강북구
371,신한신한은행 ATM 삼각산풍림아파트," 대한민국 서울특별시 강북구 삼양로19길, 113",강북구
372,신한신한은행 ATM 롯데마트삼양점," 대한민국 서울특별시 강북구 미아동, 777",강북구
373,신한신한은행 ATM 서울북부지방법원," 대한민국 서울특별시 도봉구 마들로, 749",도봉구
374,기업기업은행 ATM, 대한민국 서울특별시 도봉구 창동 해등로 48,도봉구
375,IBIBK기업은행ATM 도봉동, 대한민국 서울특별시 도봉구 도봉동 625-203,도봉구
376,스탠스탠다드차타드은행ATM 북한산아이파크점," 대한민국 서울특별시 도봉구 창동, 825",도봉구
377,신한신한은행 ATM 도봉역지점," 대한민국 서울특별시 도봉구 도봉로170길, 2",도봉구
378,신한신한은행ATM 도봉삼환APT, 대한민국 서울특별시 도봉구 도봉동 87,도봉구
379,국민국민은행ATM, 대한민국 서울특별시 도봉구 쌍문동 388-1,도봉구
380,국민국민은행ATM 창동지점, 대한민국 서울특별시 도봉구 창동 135-15,도봉구
381,신한신한은행 ATM 쌍문동지점," 대한민국 서울특별시 도봉구 해등로, 255",도봉구
382,신한신한은행 ATM 북부지방검찰청 지점," 대한민국 서울특별시 도봉구 마들로, 749",도봉구
383,신한신한은행 ATM 이마트창동점," 대한민국 서울특별시 도봉구 노해로65길, 4",도봉구
384,하나하나은행ATM 수유동1지점, 대한민국 서울특별시 도봉구 쌍문동 306-15,도봉구
385,효성효성ATM훼밀리마트방학신동아점, 대한민국 서울특별시 도봉구 방학동 498-5번지,도봉구
386,외환외환은행ATM 상계18단지, 대한민국 서울특별시 도봉구 창동 30,도봉구
387,우리우리은행 ATM, 대한민국 서울특별시 도봉구 창5동 322,도봉구
388,효성효성ATM마이뱅크창동미소점, 대한민국 서울특별시 도봉구 창동 254-23번지,도봉구
389,효성효성ATM썬플러스쌍문점, 대한민국 서울특별시 도봉구 쌍문동 372-11번지,도봉구
390,우리우리은행 ATM 창동지점," 대한민국 서울특별시 도봉구 창5동, 715-1",도봉구
391,신한신한은행 ATM 창동아이파크 지점," 대한민국 서울특별시 도봉구 도봉로136길, 7",도봉구
392,신한신한은행 ATM 창동역 지점," 대한민국 서울특별시 도봉구 노해로, 391",도봉구
393,신한신한은행 ATM 쌍문역입구지점," 대한민국 서울특별시 도봉구 도봉로, 487",도봉구
394,신한신한은행ATM 쌍문동지점, 대한민국 서울특별시 도봉구 쌍문동 20,도봉구
395,신한신한은행 ATM 쌍문역 지점," 대한민국 서울특별시 도봉구 도봉로, 468",도봉구
396,신한신한은행 ATM 방학동지점," 대한민국 서울특별시 도봉구 방학로, 136",도봉구
397,효성효성ATM쌍문중앙점B, 대한민국 서울특별시 도봉구 쌍문동 301번지,도봉구
398,신한신한은행ATM (구)방학역지점, 대한민국 서울특별시 도봉구 방학1동 도봉로 719,도봉구
399,우리우리은행 ATM 방학동지점," 대한민국 서울특별시 도봉구 방학3동, 736",도봉구
400,효성효성ATM바이더웨이도봉럭키점B, 대한민국 서울특별시 도봉구 도봉동 593-70번지,도봉구
401,신한신한은행ATM 덕성여대, 대한민국 서울특별시 도봉구 쌍문동 423-18,도봉구
402,국민국민은행ATM 서울산업대 본관, 대한민국 서울특별시 노원구 공릉동 172,노원구
403,효성효성ATM서울도시철도공사마들역7, 대한민국 서울특별시 노원구 상계동 647번지,노원구
404,효성효성ATM서울도시철도공사수락산역27, 대한민국 서울특별시 노원구 상계동 1132-9번지,노원구
405,IBIBK 기업은행 ATM," 대한민국 서울특별시 노원구 누원로, 대한민국 노원구 상계 1 동",노원구
406,하나하나은행ATM 하계동2지점, 대한민국 서울특별시 노원구 하계1동,노원구
407,신한신한은행 ATM 수락산역 점두365," 대한민국 서울특별시 노원구 동일로, 1673",노원구
408,신한신한은행 ATM 마들역 점두365," 대한민국 서울특별시 노원구 동일로, 1546",노원구
409,국민국민은행ATM 상계동지점, 대한민국 서울특별시 노원구 상계7동 728-5,노원구
410,신한신한은행ATM 월계주공1단지, 대한민국 서울특별시 노원구 월계동 556,노원구
411,신한신한은행 ATM 상계1동 지점," 대한민국 서울특별시 노원구 동일로, 1633",노원구
412,우리우리은행 ATM 중계본동지점," 대한민국 서울특별시 노원구 중계동, 360-14",노원구
413,신한신한은행 ATM 상계15단지 점두365 지점," 대한민국 서울특별시 노원구 동일로227길, 26",노원구
414,국민국민은행ATM 롯데마트중계점3층, 대한민국 서울특별시 노원구 중계동 361,노원구
415,신한신한은행ATM, 대한민국 서울특별시 노원구 월계3동 마들로 111,노원구
416,국민국민은행ATM 중계동(점외), 대한민국 서울특별시 노원구 중계동 506-1,노원구
417,효성효성ATM바이더웨이상계점, 대한민국 서울특별시 노원구 중계동 154-15번지,노원구
418,우리우리은행ATM, 대한민국 서울특별시 노원구 공릉동 111번지,노원구
419,스탠스탠다드차타드은행ATM 상계1단지점, 대한민국 서울특별시 노원구 상계동 767-5,노원구
420,하나하나은행ATM 노원2지점, 대한민국 서울특별시 노원구 상계동 730-4,노원구
421,국민국민은행ATM 장미아파트지점, 대한민국 서울특별시 노원구 하계동 273,노원구
422,NINICE ATM 현금지급기 하계역, 대한민국 서울특별시 노원구 하계동 280,노원구
423,우리우리은행 ATM기, 대한민국 서울특별시 노원구 하계1동 256-26,노원구
424,국민국민은행 atm, 대한민국 서울특별시 노원구 상계동 330-16,노원구
425,국민국민은행ATM 월계동그랑빌아파트점, 대한민국 서울특별시 노원구 월계동 18,노원구
426,국민국민은행ATM 미도파상계점, 대한민국 서울특별시 노원구 상계동 713,노원구
427,국민국민은행ATM, 대한민국 서울특별시 노원구 월계동 18번지,노원구
428,스탠스탠다드차타드은행ATM 한화스토어점, 대한민국 서울특별시 노원구 상계동 651,노원구
429,효성효성ATM일반설치점와우25, 대한민국 서울특별시 노원구 중계동 430 37번지,노원구
430,신한신한은행 ATM 태릉역 점두365," 대한민국 서울특별시 노원구 동일로, 1018",노원구
431,하나하나은행ATM 평화사회복지관, 대한민국 서울특별시 노원구 중계동 514-3,노원구
432,신한신한은행ATM 원자력병원매점, 대한민국 서울특별시 노원구 공릉동 215-4,노원구
433,한국한국씨티은행ATM 상계동지점, 대한민국 서울특별시 노원구 상계동 730,노원구
434,신한신한은행ATM 공릉역, 대한민국 서울특별시 노원구 공릉동 386-1,노원구
435,신한신한은행 ATM 2001아울렛중계점8F," 대한민국 서울특별시 노원구 동일로204가길, 46",노원구
436,신한신한은행ATM 청원학당, 대한민국 서울특별시 노원구 상계동 641,노원구
437,신한신한은행 ATM 노원을지병원 점두365," 대한민국 서울특별시 노원구 한글비석로, 68",노원구
438,신한신한은행 ATM 2001아울렛중계점1F," 대한민국 서울특별시 노원구 동일로204가길, 46",노원구
439,신한신한은행 ATM, 대한민국 서울특별시 노원구 상계동 1197-3,노원구
440,신한신한은행 ATM 중계동 점두365," 대한민국 서울특별시 노원구 한글비석로, 254",노원구
441,신한신한은행ATM 상계동지점, 대한민국 서울특별시 노원구 상계동 727-2,노원구
442,IBIBK기업은행ATM (구)상계지점점내, 대한민국 서울특별시 노원구 상계3.4동 덕릉로 769,노원구
443,신한신한은행 ATM기, 대한민국 서울특별시 노원구 월계3동 321-3,노원구
444,신한신한은행 ATM 상계7단지동진상가 지점," 대한민국 서울특별시 노원구 상계로1길, 74",노원구
445,신한신한은행ATM 성북역, 대한민국 서울특별시 노원구 월계동 379-36,노원구
446,국민국민은행 중계본동지점, 대한민국 서울특별시 노원구 중계동 58-8,노원구
447,신한신한은행 365자동화 석계역점, 대한민국 서울특별시 노원구 월계1동 화랑로 325,노원구
448,북서북서울농업협동조합불암지점, 대한민국 서울특별시 노원구 상계동 한글비석로 444,노원구
449,신한신한은행 노원역지점, 대한민국 서울특별시 노원구 상계6.7동 720,노원구
450,농협농협은행 노원역지점, 대한민국 서울특별시 노원구 상계동 노해로 456,노원구
451,효성효성ATM훼밀리마트당고개역점, 대한민국 서울특별시 노원구 상계동 111-475번지,노원구
452,우리우리은행 ATM 노원구청지점," 대한민국 서울특별시 노원구, 상계6동, 701-1",노원구
453,우리우리은행 ATM 상계역지점," 대한민국 서울특별시 노원구 중계4동, 591",노원구
454,신한신한은행ATM, 대한민국 서울특별시 노원구 하계동 312번지,노원구
455,스탠스탠다드차타드은행ATM 상계동지점, 대한민국 서울특별시 노원구 상계동 649-8,노원구
456,신한신한은행 ATM 하계동 Green365 지점," 대한민국 서울특별시 노원구 섬밭로, 209",노원구
457,효성효성ATM바이더웨이석계점B, 대한민국 서울특별시 노원구 월계동 59-3번지,노원구
458,우리우리은행 ATM 마들역지점," 대한민국 서울특별시 노원구 상계동, 651-3",노원구
459,우리우리은행 ATM 중계동지점," 대한민국 서울특별시 노원구 중계1동, 360-7",노원구
460,신한신한은행 ATM 이마트월계점 지점," 대한민국 서울특별시 노원구 마들로3길, 15",노원구
461,신한신한은행ATM 중계동주공5단지, 대한민국 서울특별시 노원구 중계동 359-1,노원구
462,효성효성ATM서울도시철도공사수색역6, 대한민국 서울특별시 은평구 증산동 223-27번지,은평구
463,국민국민은행ATM 은평천사원 재활체육센터," 대한민국 서울특별시 은평구 구산동, 191-1",은평구
464,스탠스탠다드차타드은행ATM 응암점(응암동지점), 대한민국 서울특별시 은평구 응암동 88-10,은평구
465,효성효성ATM훼밀리마트역촌대로점, 대한민국 서울특별시 은평구 역촌동 35-60번지,은평구
466,KEKEB하나은행ATM, 대한민국 서울특별시 은평구 역촌동 서오릉로 101,은평구
467,효성효성ATM훼밀리마트은평보람점, 대한민국 서울특별시 은평구 갈현동 486-22번지,은평구
468,신한신한은행ATM, 대한민국 서울특별시 은평구 응암동,은평구
469,효성효성ATM훼밀리마트새절역점, 대한민국 서울특별시 은평구 신사동 336-1번지,은평구
470,효성효성ATM불광현대점, 대한민국 서울특별시 은평구 불광동 600-3번지,은평구
471,신한신한은행 ATM 갈현동 점두365," 대한민국 서울특별시 은평구 통일로, 897",은평구
472,신한신한은행 ATM 시립병원 지점," 대한민국 서울특별시 은평구 갈현로, 89",은평구
473,신한신한은행 ATM 불광동 점두365," 대한민국 서울특별시 은평구 통일로, 730",은평구
474,신한신한은행 ATM 연신내역 지점," 대한민국 서울특별시 은평구 통일로, 856",은평구
475,신한신한은행ATM 이마트은평점, 대한민국 서울특별시 은평구 응암동 90-1,은평구
476,신한신한은행 ATM 갈현1동 지점," 대한민국 서울특별시 은평구 갈현로, 261",은평구
477,신한신한은행 ATM 역촌동 점두365," 대한민국 서울특별시 은평구 연서로, 73",은평구
478,신한신한은행 ATM 응암5거리 지점," 대한민국 서울특별시 은평구 응암로, 206",은평구
479,신한신한은행 ATM 연신내 점두365," 대한민국 서울특별시 은평구 통일로, 845",은평구
480,신한신한은행 ATM 은평뉴타운 점두365," 대한민국 서울특별시 은평구 진관4로, 37",은평구
481,신한신한은행 ATM 갈현동점," 대한민국 서울특별시 은평구 연서로29길, 17",은평구
482,우리우리은행 은평뉴타운출장소, 대한민국 서울특별시 은평구 진관동 13,은평구
483,효성효성ATM서울도시철도공사광흥창역6, 대한민국 서울특별시 서대문구 창천동 145번지,서대문구
484,신한신한은행 ATM 서울대성병원," 대한민국 서울특별시 서대문구 세무서길, 20",서대문구
485,신한신한은행ATM 신촌역지점, 대한민국 서울특별시 서대문구 창천동 30-9,서대문구
486,KEKEB하나은행 ATM, 대한민국 서울특별시 서대문구 창천동 30-33,서대문구
487,신한신한은행 ATM 경기대본관(서울)," 대한민국 서울특별시 서대문구 경기대로9길, 24",서대문구
488,신한신한은행 ATM 이화신세계관1층," 대한민국 서울특별시 서대문구 이화여대길, 52",서대문구
489,신한신한은행 ATM 디지털서울문화예술대학교," 대한민국 서울특별시 서대문구 통일로37길, 60",서대문구
490,신한신한은행 ATM 경기대학생회관(서울)," 대한민국 서울특별시 서대문구 경기대로9길, 24",서대문구
491,신한신한은행 ATM 이대포스코관," 대한민국 서울특별시 서대문구 이화여대길, 52",서대문구
492,신한신한은행ATM 남가좌동지점, 대한민국 서울특별시 서대문구 남가좌동 381,서대문구
493,우리우리은행 남가좌동출장소, 대한민국 서울특별시 서대문구 남가좌2동 347-2,서대문구
494,KEKEB하나은행 ATM, 대한민국 서울특별시 서대문구 홍은1동 세검정로1길 88,서대문구
495,신한신한은행ATM 벽산아파트, 대한민국 서울특별시 서대문구 홍은동 455,서대문구
496,국민국민은행ATM 북가좌동지점, 대한민국 서울특별시 서대문구 북가좌동 309-3,서대문구
497,신한신한은행ATM 아현동지점, 대한민국 서울특별시 서대문구 북아현동 136-16,서대문구
498,씨티씨티은행ATM, 대한민국 서울특별시 마포구 서교동 361-13,마포구
499,ATATM, 대한민국 서울특별시 마포구 서교동 양화로 156,마포구
500,한국한국씨티은행ATM 서교동지점, 대한민국 서울특별시 마포구 동교동 162-5,마포구
501,효성효성ATM패밀리마트 홍익인간점, 대한민국 서울특별시 마포구 동교동 155-27,마포구
502,신한신한은행국민은행ATM 홍익대C동, 대한민국 서울특별시 마포구 상수동 72-1,마포구
503,스탠스탠다드차타드은행ATM 홍대입구역, 대한민국 서울특별시 마포구 동교동 165-8,마포구
504,우리우리은행ATM, 대한민국 서울특별시 마포구 동교동 166-14번지,마포구
505,하나하나은행ATM 홍대입구, 대한민국 서울특별시 마포구 동교동 165-8,마포구
506,국민국민은행 ATM, 대한민국 서울특별시 마포구 서교동 345-9,마포구
507,신한신한은행 ATM 공덕금융센터 점두365," 대한민국 서울특별시 마포구 백범로, 192",마포구
508,국민국민은행ATM 홀트아동복지회관, 대한민국 서울특별시 마포구 합정동 364-70,마포구
509,신한신한은행ATM 만리동지점, 대한민국 서울특별시 마포구 아현동 395-4,마포구
510,신한신한은행ATM 성산지점, 대한민국 서울특별시 마포구 중동 245,마포구
511,KCKCI 성산역, 대한민국 서울특별시 마포구 성산동 523,마포구
512,신한신한은행 ATM (구)마포중앙 점두365," 대한민국 서울특별시 마포구 도화동, 176-2",마포구
513,IBIBK기업은행ATM 홍대역, 대한민국 서울특별시 마포구 동교동 162-6,마포구
514,신한신한은행ATM 서교동지점, 대한민국 서울특별시 마포구 서교동 449-14,마포구
515,신한신한은행 ATM 한국특허정보원," 대한민국 서울특별시 마포구 연희로, 11",마포구
516,신한신한은행 ATM (구)이대역," 대한민국 서울특별시 마포구 대흥로, 188-1",마포구
517,우리우리은행 합정동지점, 대한민국 서울특별시 마포구 합정동 373-4,마포구
518,ATATM, 대한민국 서울특별시 마포구 상수동 93-45,마포구
519,효성효성ATM훼미리마트마포창전점F, 대한민국 서울특별시 마포구 창전동 104-2번지,마포구
520,ATATM, 대한민국 서울특별시 마포구 서교동 어울마당로 35,마포구
521,ATATM, 대한민국 서울특별시 마포구 서교동 394-25,마포구
522,수협수협ATM 동교동, 대한민국 서울특별시 마포구 동교동 159-1,마포구
523,ATATM 은행공용현금지급기, 대한민국 서울특별시 마포구 서교동 358-36,마포구
524,LOLOTTE ATM, 대한민국 서울특별시 마포구 서교동 홍익로6길 52,마포구
525,외환외환은행ATM 홍대역, 대한민국 서울특별시 마포구 동교동 160-1,마포구
526,ATATM패밀리마트 홍대스타점, 대한민국 서울특별시 마포구 동교동 166-1,마포구
527,ATATM 상수역자동화점, 대한민국 서울특별시 마포구 상수동 141-1,마포구
528,하나하나은행 atm, 대한민국 서울특별시 마포구 대흥동 신촌로 170,마포구
529,롯데롯데 ATM, 대한민국 서울특별시 마포구 서교동 어울마당로 130,마포구
530,스탠스탠다드차타드은행ATM, 대한민국 서울특별시 마포구 서교동 369-44,마포구
531,국민국민은행ATM 서교사거리점, 대한민국 서울특별시 마포구 서교동 372-1,마포구
532,나이나이스ATM 홍대입구역, 대한민국 서울특별시 마포구 동교동 165-8,마포구
533,우리우리은행 합정동지점(점외)," 대한민국 서울특별시 마포구 상수동, 141-1",마포구
534,신한신한은행 ATM S-OIL본사1층," 대한민국 서울특별시 마포구 백범로, 192",마포구
535,국민국민은행ATM 서교동(점외), 대한민국 서울특별시 마포구 합정동 382-14,마포구
536,신한신한은행 ATM 신촌중앙 점두365," 대한민국 서울특별시 마포구 신촌로, 68",마포구
537,신한신한은행 ATM 이대역 점두365," 대한민국 서울특별시 마포구 신촌로, 183",마포구
538,신한신한은행 ATM 상암동금융센터 점두365," 대한민국 서울특별시 마포구 월드컵북로, 361",마포구
539,신한신한은행ATM 대흥역지점, 대한민국 서울특별시 마포구 대흥동 276-1,마포구
540,신한신한은행 ATM 상암IT타워," dong, Sangam, 434 월드컵북로, 마포구 서울특별시, 대한민국",마포구
541,신한신한은행 ATM 이마트마포공덕점, 대한민국 서울특별시 마포구 신공덕동 백범로 212,마포구
542,신한신한은행ATM 서교중앙지점, 대한민국 서울특별시 마포구 서교동 374-5,마포구
543,국민국민은행 ATM, 대한민국 서울특별시 마포구 염리동 86-42,마포구
544,신한신한은행ATM 서울지법남부지점점, 대한민국 서울특별시 양천구 신정동 313-1,양천구
545,효성효성ATM서울도시철도공사양평역5, 대한민국 서울특별시 양천구 목동 916-1번지,양천구
546,효성효성ATM서울도시철도공사오목교역15, 대한민국 서울특별시 양천구 목동 925번지,양천구
547,하나하나은행ATM 신월동지점, 대한민국 서울특별시 양천구 신월동 116-31,양천구
548,하나하나은행ATM 신월7동지점, 대한민국 서울특별시 양천구 신월동 928-1,양천구
549,신한신한은행 ATM 대우미래사랑아파트," 대한민국 서울특별시 양천구 신정로13길, 3",양천구
550,신한신한은행 ATM 현대백화점목동점식당가," 대한민국 서울특별시 양천구 목동동로, 257",양천구
551,신한신한은행ATM 신정역," 대한민국 서울특별시 양천구 신정4동, 987-4",양천구
552,신한신한은행 ATM 목동현대백화점 점두365," 대한민국 서울특별시 양천구 목동동로, 257",양천구
553,신한신한은행 ATM 이대목동병원장례식장," 대한민국 서울특별시 양천구 안양천로, 1071",양천구
554,하나하나은행ATM 오목교," 대한민국 서울특별시 양천구 목동, 405-25",양천구
555,신한신한은행ATM 동일하이빌출입구," 대한민국 서울특별시 양천구 신정3동, 761-82",양천구
556,인서인서울27 골프클럽, 대한민국 서울특별시 강서구 오쇠동 1-2,강서구
557,신한신한은행 ATM 88체육관볼링장," 대한민국 서울특별시 강서구 공항대로, 376",강서구
558,효성효성ATM서울도시철도공사우장산역5, 대한민국 서울특별시 강서구 가양동 968번지,강서구
559,신한신한은행 ATM 공항동 점두365," 대한민국 서울특별시 강서구 공항대로, 17",강서구
560,신한신한은행 ATM 방화동 점두365," 대한민국 서울특별시 강서구 양천로, 72",강서구
561,신한신한은행 ATM 김포공항역(9호선)," 대한민국 서울특별시 강서구 하늘길, 지하77",강서구
562,신한신한은행 ATM 까치산역," 대한민국 서울특별시 강서구 강서로, 34",강서구
563,우리우리은행ATM 화곡동지점1, 대한민국 서울특별시 강서구 화곡동 370-103,강서구
564,신한신한은행ATM 공항출장소, 대한민국 서울특별시 강서구 방화동 712-1,강서구
565,신한신한은행 ATM 등촌역(9호선)," 대한민국 서울특별시 강서구 공항대로, 지하529",강서구
566,신한신한은행ATM 김포공항아시아나OC, 대한민국 서울특별시 강서구 오쇠동 47,강서구
567,국민국민은행ATM, 대한민국 서울특별시 강서구 화곡동 1075-1번지,강서구
568,cucu송정역점, 대한민국 서울특별시 강서구 공항동 공항대로 43,강서구
569,하나하나은행ATM, 대한민국 서울특별시 강서구 화곡6동 공항대로 426,강서구
570,KEKEB하나은행 방화동ATM, 대한민국 서울특별시 강서구 방화동 양천로 108,강서구
571,우리우리은행ATM 김포공항(출)3, 대한민국 서울특별시 강서구 공항동 351,강서구
572,우리우리은행ATM 김포공항(출)2, 대한민국 서울특별시 강서구 공항동 351,강서구
573,신한신한은행 ATM 발산동 점두365," 대한민국 서울특별시 강서구 수명로, 72",강서구
574,신한신한은행ATM 화곡역입구, 대한민국 서울특별시 강서구 화곡동 1065-17,강서구
575,신한신한은행 ATM 유광사산부인과," 대한민국 서울특별시 강서구 강서로, 194",강서구
576,신한신한은행ATM 김포공항국내선지점, 대한민국 서울특별시 강서구 공항동 150,강서구
577,신한신한은행ATM 국내선청사, 대한민국 서울특별시 강서구 과해동 274,강서구
578,우리우리은행ATM 공항동지점, 대한민국 서울특별시 강서구 공항동 42-4,강서구
579,신한신한은행ATM 김포공항한국공항, 대한민국 서울특별시 강서구 방화동 499-1,강서구
580,외환외환은행ATM 곰달래지점, 대한민국 서울특별시 강서구 화곡동 839-4,강서구
581,신한신한은행ATM 자동차회관, 대한민국 서울특별시 강서구 등촌동 658-4,강서구
582,신한신한은행 ATM 가양역(9호선)," 대한민국 서울특별시 강서구 양천로, 지하485",강서구
583,KCKCI 김포공항국내신청사, 대한민국 서울특별시 강서구 과해동 274,강서구
584,IBIBK기업은행ATM 가양테크노타운, 대한민국 서울특별시 강서구 가양동 1487,강서구
585,신한신한은행 ATM 대한항공교육훈련센터," 대한민국 서울특별시 강서구 공항대로, 453",강서구
586,우리우리은행 김포공항출장소, 대한민국 서울특별시 강서구 공항동 351,강서구
587,신한신한은행 ATM 염창동 점두365," 대한민국 서울특별시 강서구 양천로, 657",강서구
588,신한신한은행 ATM 염창역(9호선)," 대한민국 서울특별시 강서구 공항대로, 629",강서구
589,IBIBK기업은행ATM," 대한민국 서울특별시 구로구 고척동 296, 고척동 296번지 구로구 서울특별시 KR 08230",구로구
590,신한신한은행ATM, 대한민국 서울특별시 구로구 개봉1동 경인로 323,구로구
591,국민국민은행ATM 고대구로병원점, 대한민국 서울특별시 구로구 구로동 80,구로구
592,신한신한은행ATM 이마트구로점, 대한민국 서울특별시 구로구 구로동 188-26,구로구
593,신한신한은행ATM 대성정기, 대한민국 서울특별시 구로구 구로동 197-17,구로구
594,국민국민은행 구로동지점, 대한민국 서울특별시 구로구 구로동 604-19,구로구
595,신한신한은행ATM 2001아울렛구로점," 대한민국 서울특별시 구로구 고척동, 76-41",구로구
596,신한신한은행ATM 구로동점, 대한민국 서울특별시 구로구 구로동 145-13,구로구
597,한국한국저축은행 구로디지털점, 대한민국 서울특별시 구로구 구로동 222-7,구로구
598,우리우리은행ATM 금천구청지점, 대한민국 서울특별시 금천구 시흥동 113-79,금천구
599,기업기업은행ATM, 대한민국 서울특별시 금천구 가산동 가산디지털2로 184,금천구
600,우리우리은행ATM, 대한민국 서울특별시 금천구 시흥동 992-13번지,금천구
601,국민국민은행ATM 독산동점," 대한민국 서울특별시 금천구 독산동, 159-22",금천구
602,효성효성ATM서울도시철도공사대림역27, 대한민국 서울특별시 영등포구 대림동 1051번지,영등포구
603,한국한국씨티은행ATM 한국 HP, 대한민국 서울특별시 영등포구 여의도동 의사당대로 83,영등포구
604,신한신한은행 ATM 타임스퀘어지하1층," 대한민국 서울특별시 영등포구 영중로, 15",영등포구
605,KEKEB하나은행ATM 구.영등포2가지점, 대한민국 서울특별시 영등포구 영등포동2가 영등포로 253,영등포구
606,국민국민은행ATM 여의도영업부점, 대한민국 서울특별시 영등포구 여의도동 36-3,영등포구
607,한국한국씨티은행ATM 서여의도, 대한민국 서울특별시 영등포구 여의도동 16-1,영등포구
608,신한신한은행 ATM 여의도중앙금융센터," 대한민국 서울특별시 영등포구 여의나루로, 57",영등포구
609,우리우리은행 ATM, 대한민국 서울특별시 영등포구 여의도동 국제금융로 10,영등포구
610,NHNH농협은행ATM," 대한민국 서울특별시 영등포구 여의도동, 여의대로",영등포구
611,하나하나은행ATM 신길동지점, 대한민국 서울특별시 영등포구 신길동 236,영등포구
612,하나하나은행ATM 영등포지점, 대한민국 서울특별시 영등포구 영등포동4가 67-1,영등포구
613,KBKB국민은행ATM, 대한민국 서울특별시 영등포구 여의도동 여의나루로4길 21,영등포구
614,신한신한은행 ATM 타임스퀘어10층," 대한민국 서울특별시 영등포구 영중로, 15",영등포구
615,우리우리은행ATM 영등포지점," 대한민국 서울특별시 영등포구 영등포본동 496-496, 지하 1 층",영등포구
616,효성효성ATM서울도시철도공사상도역7, 대한민국 서울특별시 동작구 상도1동 754번지,동작구
617,하나하나은행ATM 사당동지점, 대한민국 서울특별시 동작구 사당2동 145-2,동작구
618,우리우리은행ATM 대방동지점, 대한민국 서울특별시 동작구 대방동 501,동작구
619,KEKEB하나은행 노량진ATM, 대한민국 서울특별시 동작구 노량진동 노량진로 156,동작구
620,국민국민은행ATM 성대시장, 대한민국 서울특별시 동작구 상도동 248-16,동작구
621,신한신한은행 ATM 보라매 점두365," 대한민국 서울특별시 동작구 보라매로5가길, 24",동작구
622,신한신한은행 ATM 한국컴퓨터신한카드," 대한민국 서울특별시 동작구 보라매로5길, 35",동작구
623,신한신한은행 ATM 보라매병원(출) 점두365, 대한민국 서울특별시 동작구 신대방2동 보라매로5길 20,동작구
624,신한신한은행 사당남성지점, 대한민국 서울특별시 동작구 사당동 252-17,동작구
625,신한신한은행ATM 노량진역지점내, 대한민국 서울특별시 동작구 노량진동 116-2,동작구
626,효성효성ATM미니스톱이수역점, 대한민국 서울특별시 동작구 사당동 147-78번지,동작구
627,NINICE 사당역, 대한민국 서울특별시 동작구 사당동 1112,동작구
628,기업기업은행ATM," 대한민국 서울특별시 동작구 사당동 248-5번지, 1호",동작구
629,국민국민은행 소호컨설팅사당센터, 대한민국 서울특별시 동작구 사당1동 1031-31,동작구
630,IBIBK기업은행사당역점, 대한민국 서울특별시 동작구 사당1동 동작대로 27,동작구
631,국민국민은행 사당로지점, 대한민국 서울특별시 동작구 사당동 1031-31,동작구
632,사당사당1동새마을금고, 대한민국 서울특별시 동작구 사당1동 1031-36,동작구
633,남서남서울새마을금고, 대한민국 서울특별시 동작구 사당동 1031-36,동작구
634,농협농협은행 사당동지점, 대한민국 서울특별시 동작구 사당동 1019-34,동작구
635,미니미니스톱, 대한민국 서울특별시 동작구 사당동,동작구
636,신한신한은행 노량진역지점, 대한민국 서울특별시 동작구 노량진동 만양로 105,동작구
637,신한신한은행 ATM 대성학원," 대한민국 서울특별시 동작구 노량진로, 120",동작구
638,우리우리은행ATM 상도동지점(점내), 대한민국 서울특별시 동작구 상도동 368-40,동작구
639,신한신한은행 ATM 숭실대역 점두365," 대한민국 서울특별시 동작구 상도로37길, 76",동작구
640,서울서울대학교," 대한민국 서울특별시 관악구 관악로 1, 서울대학교 생명과학부 504동",관악구
641,신한신한은행 서울대연구공원(출), 대한민국 서울특별시 관악구 봉천동 산4-1,관악구
642,신한신한은행ATM 서울대학교지점, 대한민국 서울특별시 관악구 신림동,관악구
643,신한신한은행ATM 신림역, 대한민국 서울특별시 관악구 신림동 1639-2,관악구
644,하나하나은행ATM 구로공단역, 대한민국 서울특별시 관악구 신림동 1653-6,관악구
645,스탠스탠다드차타드은행ATM 신림중앙시장점, 대한민국 서울특별시 관악구 신림동 541,관악구
646,우리우리은행ATM 신림4동지점, 대한민국 서울특별시 관악구 신림동 487-6,관악구
647,신한신한은행ATM SKT보라매사옥, 대한민국 서울특별시 관악구 봉천동 729-1,관악구
648,효성효성ATM바이더웨이관악구청점B, 대한민국 서울특별시 관악구 봉천동 1598-1번지,관악구
649,효성효성ATM바이더웨이서울대관악로점B, 대한민국 서울특별시 관악구 봉천동 863-14번지,관악구
650,KCKCI 남태령역, 대한민국 서울특별시 관악구 남현동,관악구
651,외환외환은행ATM 사당역광인빌딩, 대한민국 서울특별시 관악구 남현동 1057-15,관악구
652,외환외환은행ATM 광일빌딩무인점," 대한민국 서울특별시 관악구 남현동, 1057-15",관악구
653,효성효성ATM미니스톱서울대파인점, 대한민국 서울특별시 관악구 봉천동 882-1번지,관악구
654,국민국민은행ATM, 대한민국 서울특별시 관악구 봉천동 857-4번지,관악구
655,효성효성ATM베스트에버, 대한민국 서울특별시 관악구 봉천동 866-1번지,관악구
656,에어에어TM, 대한민국 서울특별시 관악구 성현 봉천2/5동 동,관악구
657,KCKCI 세븐일레븐사당점, 대한민국 서울특별시 관악구 남현동 1061-17,관악구
658,기업기업은행ATM, 대한민국 서울특별시 관악구 봉천동 쑥고개로 66,관악구
659,효성효성ATM바이더웨이관악드림점, 대한민국 서울특별시 관악구 봉천동 480-3번지,관악구
660,KCKCI 씨스페이스신림녹두점," 대한민국 서울특별시 관악구 신림동, 240-3",관악구
661,우리우리은행atm, 대한민국 서울특별시 관악구 대학동 805,관악구
662,국민국민은행 봉천동지점, 대한민국 서울특별시 관악구 봉천동 857-4,관악구
663,국민국민은행 신림남부지점, 대한민국 서울특별시 관악구 신림동 1517-17,관악구
664,신한신한은행 낙성대역지점, 대한민국 서울특별시 관악구 봉천동 남부순환로 1942,관악구
665,우리우리은행 서울대학교지점, 대한민국 서울특별시 관악구 대학동 산56-1,관악구
666,국민국민은행 낙성대역지점, 대한민국 서울특별시 관악구 봉천동 1659-1,관악구
667,IBIBK기업은행 낙성대지점, 대한민국 서울특별시 관악구 봉천동 1656-15,관악구
668,우리우리은행 낙성대지점, 대한민국 서울특별시 관악구 봉천동 인헌6길 15,관악구
669,한국한국외환은행 남현출장소, 대한민국 서울특별시 관악구 남현동 1057-15,관악구
670,하나하나은행 낙성대역지점, 대한민국 서울특별시 관악구 봉천동 1659-2,관악구
671,우리우리은행 사당역금융센터, 대한민국 서울특별시 관악구 남현동 1059-13,관악구
672,남서남서울농협 남현동지점, 대한민국 서울특별시 관악구 남현동 1057-22,관악구
673,경인경인북부수협 남현동지점, 대한민국 서울특별시 관악구 남현동 1082-36,관악구
674,오렌오렌지상호저축은행 관악지점, 대한민국 서울특별시 관악구 봉천동 1601-1,관악구
675,KEKEB 하나은행 신림역지점, 대한민국 서울특별시 관악구 신림동 1424-22,관악구
676,청호청호이지캐쉬, 대한민국 서울특별시 관악구 신림동 관천로 93,관악구
677,신한신한은행ATM 신대방역, 대한민국 서울특별시 관악구 신림동 518-11,관악구
678,코스코스트코 양재점, 대한민국 서울특별시 서초구 양재2동 양재대로 159,서초구
679,광주광주은행 서초동지점, 대한민국 서울특별시 서초구 서초동 서초대로 286,서초구
680,효성효성ATM서울도시철도공사고속터미널역7, 대한민국 서울특별시 서초구 반포동 19-3번지,서초구
681,신한신한은행 ATM 서울오토갤러리," 대한민국 서울특별시 서초구 양재대로11길, 36",서초구
682,국민국민은행ATM 고속터미널대합실, 대한민국 서울특별시 서초구 반포동 19-4,서초구
683,편의편의점ATM, 대한민국 서울특별시 서초구 서초동 1316-17,서초구
684,기업기업은행 ATM, 대한민국 서울특별시 서초구 서초동 1329-8,서초구
685,하나하나은행ATM 센트럴시티지점, 대한민국 서울특별시 서초구 반포동 신반포로 176,서초구
686,롯데롯데ATM, 대한민국 서울특별시 서초구 서초동 1316-19,서초구
687,우리우리은행ATM, 대한민국 서울특별시 서초구 서초동 1310-5,서초구
688,하나하나은행ATM, 대한민국 서울특별시 서초구 양재1동 남부순환로 2636,서초구
689,신한신한은행ATM 서초중앙지점, 대한민국 서울특별시 서초구 서초동 1674-1,서초구
690,새마새마을금고ATM, 대한민국 서울특별시 서초구 서초동 1320-10,서초구
691,신한신한은행ATM 논현역지점, 대한민국 서울특별시 서초구 반포동 723-3,서초구
692,국민국민은행ATM 양재동(점외)1, 대한민국 서울특별시 서초구 서초동 1355-3,서초구
693,신한신한은행 ATM 고속터미널역(9호선)," 대한민국 서울특별시 서초구 신반포로, 지하188",서초구
694,국민국민은행ATM 양재동(점외)3, 대한민국 서울특별시 서초구 우면동 17,서초구
695,효성효성ATM바이더웨이양재빌리지점, 대한민국 서울특별시 서초구 양재동 371번지,서초구
696,BABATKOREA 서울TM, 대한민국 서울특별시 서초구 양재동 374-3,서초구
697,국민국민은행ATM 한국통신우면동, 대한민국 서울특별시 서초구 우면동 17,서초구
698,효성효성ATM서초우면점B, 대한민국 서울특별시 서초구 우면동 2-9번지,서초구
699,신한신한은행ATM 양재동기업금융지점, 대한민국 서울특별시 서초구 양재동 275-6,서초구
700,KBKB국민은행 청계산입구역 자동화점, 대한민국 서울특별시 서초구 신원동 270-12,서초구
701,수협수협ATM 양재동지점, 대한민국 서울특별시 서초구 양재동,서초구
702,효성효성ATM일반설치점양재씨티점, 대한민국 서울특별시 서초구 양재동 347-5번지,서초구
703,신한신한은행 ATM 이마트양재점," 대한민국 서울특별시 서초구 매헌로, 16",서초구
704,하나하나은행ATM, 대한민국 서울특별시 서초구 방배3동 남부순환로 2215,서초구
705,효성효성ATM일반설치점8W마트양재점, 대한민국 서울특별시 서초구 양재동 5-21번지,서초구
706,효성효성ATM미니스톱방배현대점M, 대한민국 서울특별시 서초구 방배동 982-2번지,서초구
707,신한신한은행ATM 방배우성상가, 대한민국 서울특별시 서초구 방배동 2525,서초구
708,신한신한은행ATM 한국소비자보호원, 대한민국 서울특별시 서초구 염곡동 300-4,서초구
709,NINICE 남태령역, 대한민국 서울특별시 서초구 방배동 2909,서초구
710,신한신한은행ATM 양재남지점, 대한민국 서울특별시 서초구 양재동 275-2,서초구
711,효성효성ATM일반설치점굿타임24방배점, 대한민국 서울특별시 서초구 방배동 486-2번지,서초구
712,효성효성ATM양재대로점M, 대한민국 서울특별시 서초구 양재동 13-14번지,서초구
713,효성효성ATM서초대림점G, 대한민국 서울특별시 서초구 서초동 1467-65번지,서초구
714,신한신한은행ATM 양재역지점, 대한민국 서울특별시 서초구 양재동 24,서초구
715,scsc제일은행, 대한민국 서울특별시 서초구 양재2동 양재대로 159,서초구
716,국민국민은행ATM 서초오피스텔점, 대한민국 서울특별시 서초구 서초동 1355-3,서초구
717,KCKCI 만남의광장, 대한민국 서울특별시 서초구 원지동 10-16,서초구
718,국민국민은행ATM 서초남점, 대한민국 서울특별시 서초구 서초동 1532-9,서초구
719,효성효성ATM바이더웨이서초센터점B, 대한민국 서울특별시 서초구 서초동 1444-2번지,서초구
720,국민국민은행ATM 한원빌딩10층, 대한민국 서울특별시 서초구 서초동 1449-6,서초구
721,신한신한은행 ATM 한국국제교류재단," 대한민국 서울특별시 서초구 남부순환로, 2558",서초구
722,신한신한은행 ATM 서초3동 점두365," 대한민국 서울특별시 서초구 명달로, 102",서초구
723,NHNH농협은행 ATM, 대한민국 서울특별시 서초구 서초동 강남대로 351,서초구
724,효성효성ATM훼밀리마트큐브플러스점F, 대한민국 서울특별시 서초구 서초동 1598-1번지,서초구
725,신한신한은행 ATM 교대역," 대한민국 서울특별시 서초구 서초중앙로, 105",서초구
726,효성효성ATM방배캐슬점G, 대한민국 서울특별시 서초구 방배동 876-41번지,서초구
727,우리우리은행ATM 법조타운금융센터, 대한민국 서울특별시 서초구 서초동 서초대로 260,서초구
728,신한신한은행 이수역지점, 대한민국 서울특별시 서초구 방배동 1549,서초구
729,애드애드뱅크, 대한민국 서울특별시 서초구 양재동 338-6,서초구
730,NHNH농협은행 aT센터지점," 대한민국 서울특별시 서초구 양재2동 강남대로 27, aT센터, 1층",서초구
731,한국한국외환은행 방배남지점, 대한민국 서울특별시 서초구 서초동 1467-80,서초구
732,남서남서울농협 우면지점, 대한민국 서울특별시 서초구 양재1동 중앙로 586,서초구
733,우리우리은행 포이동지점, 대한민국 서울특별시 서초구 양재동 392-6,서초구
734,스탠스탠다드차타드은행 양재남지점 Standard Chart...," 대한민국 서울특별시 서초구 양재2동 논현로 39, 디도빌딩",서초구
735,KBKB국민은행 방배남, 대한민국 서울특별시 서초구 방배3동 방배로 46,서초구
736,우리우리은행 양재중앙지점, 대한민국 서울특별시 서초구 양재2동 275-1,서초구
737,수비수비 비안농협양재점, 대한민국 서울특별시 서초구 양재동,서초구
738,한미한미은행 우면동지점, 대한민국 서울특별시 서초구 우면동 66,서초구
739,농협농협목우촌 서울3지점, 대한민국 서울특별시 서초구 양재동 230,서초구
740,현대현대모터금융센터IKP, 대한민국 서울특별시 서초구 내곡동 헌릉로 7,서초구
741,신한신한은행 양재하이브랜드지점, 대한민국 서울특별시 서초구 양재동 215,서초구
742,영동영동농협 내곡지점, 대한민국 서울특별시 서초구 내곡동 341-10,서초구
743,농협농협은행 양재남지점, 대한민국 서울특별시 서초구 양재동 214,서초구
744,(주(주)농협유통, 대한민국 서울특별시 서초구 양재동 229,서초구
745,중소중소기업은행 서초3동지점, 대한민국 서울특별시 서초구 서초동 1467-80,서초구
746,(주(주)플래닛디지털," 대한민국 서울특별시 서초구 방배동 1021-14번지, 파크에비뉴빌딩, 302호",서초구
747,농협농협은행 양재하나로지점, 대한민국 서울특별시 서초구 양재동 청계산로 10,서초구
748,우리우리은행 삼성전자서울R&D출장소, 대한민국 서울특별시 서초구 양재1동 성촌길 33,서초구
749,수협수협은행 양재동지점, 대한민국 서울특별시 서초구 양재동 81-2,서초구
750,효성효성ATM미니스톱방배홈타운점, 대한민국 서울특별시 서초구 방배동 2133번지,서초구
751,우리우리은행 기숙사, 대한민국 서울특별시 서초구 서초3동 1470-1,서초구
752,부산부산은행, 대한민국 서울특별시 서초구 서초동 강남대로 279,서초구
753,중소중소기업은행 서초3동지점, 대한민국 서울특별시 서초구 서초3동 1487-7,서초구
754,IBIBK기업은행 서초3동지점, 대한민국 서울특별시 서초구 서초동 1487-7,서초구
755,하나하나은행 서초수퍼빌지점, 대한민국 서울특별시 서초구 서초동 1446-11,서초구
756,전북전북은행, 대한민국 서울특별시 서초구 서초동 강남대로 327,서초구
757,미니미니스톱 서초남부점, 대한민국 서울특별시 서초구 서초동 1454-3,서초구
758,CUCU 방배리더스빌점, 대한민국 서울특별시 서초구 방배3동 남부순환로 2201,서초구
759,PUPULOON TECHNOLOGY INC.," #23-10, 효령로60길, 서초구 서울특별시, 대한민국",서초구
760,(주(주)에이티엠아이앤씨, 대한민국 서울특별시 서초구 서초동 1551-1,서초구
761,KEKEB하나은행 ATM, 대한민국 서울특별시 서초구 서초4동 강남대로 459,서초구
762,KEKEB하나은행 ATM, 대한민국 서울특별시 서초구 서초4동 강남대로 405,서초구
763,KCKCI 나인투파이브영동점, 대한민국 서울특별시 서초구 잠원동 40-9,서초구
764,신한신한은행ATM 삼성서울병원지점, 대한민국 서울특별시 강남구 일원동 50,강남구
765,(주(주)광주은행," 대한민국 서울특별시 강남구 도곡동 1366-4, 서희빌딩 5층",강남구
766,제주제주은행ATM 서울지점, 대한민국 서울특별시 강남구 역삼동 646-18,강남구
767,효성효성ATM서울도시철도공사강남구청역7, 대한민국 서울특별시 강남구 삼성동 1번지,강남구
768,한국한국씨티은행ATM 잠실지점, 대한민국 서울특별시 강남구 청담동 129,강남구
769,우리우리은행ATM 신사동지점, 대한민국 서울특별시 강남구 신사동 517-5,강남구
770,신한신한은행 ATM 에이앤피파이넨셜," 대한민국 서울특별시 강남구 테헤란로, 108",강남구
771,ATATM, 대한민국 서울특별시 강남구 서초4동 테헤란로 101,강남구
772,ATATM 씨티은행 강남점, 대한민국 서울특별시 강남구 대치동 테헤란로 508,강남구
773,신한신한은행 ATM, 대한민국 서울특별시 강남구 역삼동 역삼로 176,강남구
774,서울서울무역센터우체국 ATM, 대한민국 서울특별시 강남구 삼성1동 영동대로 513,강남구
775,한국한국씨티은행ATM 삼성동지점, 대한민국 서울특별시 강남구 대치동 944,강남구
776,신한신한은행ATM 대치동점내, 대한민국 서울특별시 강남구 대치동 987-14,강남구
777,신한신한은행ATM 학동지점, 대한민국 서울특별시 강남구 논현동 60-9,강남구
778,우리우리은행 ATM 강남대로지점," 대한민국 서울특별시 강남구 역삼동, 837-36",강남구
779,국민국민은행ATM 한섬빌딩지하1층, 대한민국 서울특별시 강남구 삼성1동 삼성로 524,강남구
780,한국한국전자금융 ATM, 대한민국 서울특별시 강남구 대치4동 삼성로85길 34,강남구
781,한국한국전자금융ATM, 대한민국 서울특별시 강남구 서초4동 테헤란로 101,강남구
782,신한신한은행 ATM 카이트타워," 대한민국 서울특별시 강남구 테헤란로, 306",강남구
783,신한신한은행 ATM 롯데캐논본사," 대한민국 서울특별시 강남구 테헤란로, 607",강남구
784,국민국민은행 ATM LH공사 서울지역본부," 대한민국 서울특별시 강남구 논현동, 254",강남구
785,신한신한은행ATM 코엑스쇼핑몰, 대한민국 서울특별시 강남구 삼성동 159,강남구
786,국민국민은행 ATM 수서역점," 대한민국 서울특별시 강남구 광평로, 280",강남구
787,신한신한은행ATM 삼성역지점, 대한민국 서울특별시 강남구 대치동 945-1,강남구
788,신한신한은행ATM 테란로지점, 대한민국 서울특별시 강남구 대치동 889-5,강남구
789,국민국민은행 ATM 일원역365자동화점," 대한민국 서울특별시 강남구 일원로, 49",강남구
790,국민국민은행 ATM 로즈데일관리단(B2층)," 대한민국 서울특별시 강남구 광평로, 280",강남구
791,국민국민은행 ATM 수서삼성 365자동화점," 대한민국 서울특별시 강남구 광평로31길, 27",강남구
792,국민국민은행 ATM 일원역점," 대한민국 서울특별시 강남구 일원로, 95",강남구
793,한국한국씨티은행ATM 역삼동지점, 대한민국 서울특별시 강남구 대치동 983,강남구
794,국민국민은행 ATM 한티역점," 대한민국 서울특별시 강남구 도곡로, 414",강남구
795,신한신한은행ATM 대치역지점, 대한민국 서울특별시 강남구 대치동 511,강남구
796,우리우리은행 ATM 강남세브란스병원출," 대한민국 서울특별시 강남구 도곡동, 146-92",강남구
797,IBIBK기업은행ATM, 대한민국 서울특별시 강남구 대치동 507,강남구
798,신한신한은행ATM 역삼역지점, 대한민국 서울특별시 강남구 역삼동 736-1,강남구
799,국민국민은행 ATM 한국오츠카제약(주)," 대한민국 서울특별시 강남구 역삼로, 226",강남구
800,신한신한은행 ATM 한티역 점두365," 대한민국 서울특별시 강남구 도곡로, 320",강남구
801,신한신한은행 ATM 양재역지점1층," 대한민국 서울특별시 강남구 강남대로, 240",강남구
802,신한신한은행ATM 강남종합금융센터지점, 대한민국 서울특별시 강남구 역삼동 679,강남구
803,신한신한은행ATM 도곡동지점, 대한민국 서울특별시 강남구 역삼동 779-3,강남구
804,신한신한은행ATM 대한도시가스, 대한민국 서울특별시 강남구 대치동 27-1,강남구
805,신한신한은행 ATM 현대벤처빌딩," 대한민국 서울특별시 강남구 밤고개로1길, 10",강남구
806,우리우리은행 ATM 타워금융센터(점내)," 대한민국 서울특별시 강남구 역삼동, 679",강남구
807,신한신한은행ATM 삼성동지점(점내), 대한민국 서울특별시 강남구 삼성동 143-39,강남구
808,스탠스탠다드차타드은행ATM 논현동지점, 대한민국 서울특별시 강남구 논현동 165,강남구
809,신한신한은행 ATM 은마아파트상가," 대한민국 서울특별시 강남구 삼성로, 212",강남구
810,신한신한은행ATM 테헤란로지점, 대한민국 서울특별시 강남구 대치동 944-1,강남구
811,우리우리은행 ATM 개포동지점, 대한민국 서울특별시 강남구 도곡1동 언주로 123,강남구
812,하나하나은행ATM 쌍방울사옥, 대한민국 서울특별시 강남구 논현동 49-4,강남구
813,우리우리은행 ATM 개포역지점," 대한민국 서울특별시 강남구 개포동, 186-4",강남구
814,KBKB국민은행 학동사거리점내 ATM, 대한민국 서울특별시 강남구 신사동 선릉로 801,강남구
815,하나하나은행ATM 영동지점, 대한민국 서울특별시 강남구 논현동 242-31,강남구
816,신한신한은행 ATM 봉은사로 점두365," 대한민국 서울특별시 강남구 봉은사로, 609",강남구
817,우리우리은행 ATM 강남구청지점," 대한민국 서울특별시 강남구 삼성동, 16-1",강남구
818,신한신한은행ATM 강남구청역지점, 대한민국 서울특별시 강남구 삼성동 1,강남구
819,하나하나은행ATM 학동지점, 대한민국 서울특별시 강남구 청담동 87-11,강남구
820,신한신한은행 ATM 포이동무인점포," 대한민국 서울특별시 강남구 개포로22길, 43",강남구
821,KCKCI 에이엠피에코리아포이점, 대한민국 서울특별시 강남구 개포동 1258-6,강남구
822,우리우리은행 ATM 개포중앙지점," 대한민국 서울특별시 강남구 개포동, 655-4",강남구
823,효성효성ATM바이더웨이매봉점B, 대한민국 서울특별시 강남구 도곡동 422-4번지,강남구
824,신한신한은행 ATM, 대한민국 서울특별시 강남구 서초동 강남대로,강남구
825,국민국민은행 ATM 역삼중앙점," 대한민국 서울특별시 강남구 역삼로, 175",강남구
826,은행은행공용 현금자동지급기, 대한민국 서울특별시 강남구 역삼동 역삼로 11길,강남구
827,농협농협ATM, 대한민국 서울특별시 강남구 역삼동 테헤란로 108,강남구
828,우리우리은행 ATM, 대한민국 서울특별시 강남구 역삼동 테헤란로 124,강남구
829,하나하나은행 ATM, 대한민국 서울특별시 강남구 역삼동 강남대로 324,강남구
830,국민국민은행 ATM 도곡PB센터점," 대한민국 서울특별시 강남구 언주로30길, 39",강남구
831,신한신한은행ATM BOK강남지점, 대한민국 서울특별시 강남구 역삼동 717,강남구
832,우리우리은행ATM 남역삼동지점2, 대한민국 서울특별시 강남구 역삼동 788-2,강남구
833,신한신한은행ATM 임피리얼 팰리스호텔, 대한민국 서울특별시 강남구 논현동 248-7,강남구
834,KBKB국민은행 개포4동," 대한민국 서울특별시 강남구 개포4동, 1197-2",강남구
835,농협농협은행 개포동지점, 대한민국 서울특별시 강남구 개포동 1239-17,강남구
836,우리우리 집, 대한민국 서울특별시 강남구 개포4동 655-1,강남구
837,NHNH농협은행 양재지점," 대한민국 서울특별시 강남구, 도곡1동 강남대로 278",강남구
838,신한신한은행 선릉금융센터, 대한민국 서울특별시 강남구 역삼1동 705-9,강남구
839,우리우리은행 선릉역지점, 대한민국 서울특별시 강남구 대치동 890-6,강남구
840,KEKEB하나은행 수서역지점, 대한민국 서울특별시 강남구 수서동 713,강남구
841,미니미니스톱 도곡점, 대한민국 서울특별시 강남구 도곡동 419-10,강남구
842,한평한평신협 강남지점, 대한민국 서울특별시 강남구 삼성2동 21,강남구
843,국민국민은행 ATM 영동점," 대한민국 서울특별시 강남구 선릉로, 601",강남구
844,신한신한은행ATM 영동점내, 대한민국 서울특별시 강남구 논현동 84,강남구
845,효성효성ATM훼미리마트청담영동점F, 대한민국 서울특별시 강남구 청담동 125-11번지,강남구
846,수협수협은행 ATM, 대한민국 서울특별시 강남구 역삼동 테헤란로 134,강남구
847,신한신한은행 ATM 가든파이브 점두365," 대한민국 서울특별시 송파구 충민로, 10",송파구
848,국민국민은행ATM, 대한민국 서울특별시 송파구 문정동 150번지,송파구
849,하나하나은행ATM 쌍용아파트관리소," 대한민국 서울특별시 송파구 가락동, 140",송파구
850,신한신한은행 ATM 가락동금융센터 점두365," 대한민국 서울특별시 송파구 송파대로, 268",송파구
851,신한신한은행 ATM 경찰병원," 대한민국 서울특별시 송파구 송이로, 123",송파구
852,스탠스탠다드차타드은행ATM 잠실우성점, 대한민국 서울특별시 송파구 잠실동,송파구
853,신한신한은행 ATM 서잠실 점두365," 대한민국 서울특별시 송파구 올림픽로, 106",송파구
854,신한신한은행 ATM 롯데월드 점두365," 대한민국 서울특별시 송파구 올림픽로, 240",송파구
855,신한신한은행 ATM 갤러리아팰리스 점두365," 대한민국 서울특별시 송파구 올림픽로, 212",송파구
856,스탠스탠다드차타드은행ATM 잠실지점, 대한민국 서울특별시 송파구 신천동 7,송파구
857,신한신한은행 ATM 잠실롯데캐슬 점두365(정문)," 대한민국 서울특별시 송파구 올림픽로, 269",송파구
858,하나하나은행ATM, 대한민국 서울특별시 송파구 오금동 오금로 323,송파구
859,우리우리은행 잠실역지점, 대한민국 서울특별시 송파구 신천동 7-18,송파구
860,KBKB국민은행 문정동지점, 대한민국 서울특별시 송파구 장지동 송이로30길 7,송파구
861,신한신한은행ATM 풍납동지점, 대한민국 서울특별시 송파구 풍납동 403-2,송파구
862,신한신한은행ATM, 대한민국 서울특별시 송파구 석촌동 가락로 103,송파구
863,IBIBK기업은행 롯데월드몰 ATM, 대한민국 서울특별시 송파구 잠실6동,송파구
864,우리우리은행 한림대학교 강동성심병원, 대한민국 서울특별시 강동구 길동 성안로 150,강동구
865,하나하나은행 천호동지점, 대한민국 서울특별시 강동구 천호동 453-14,강동구
866,효성효성ATM성내공원점G, 대한민국 서울특별시 강동구 성내동 505-4번지,강동구
867,KBKB국민은행 천호동, 대한민국 서울특별시 강동구 천호동 구천면로 200,강동구
868,다올다올빌딩," 6 길 51, 상일로, 강동구 서울특별시, 대한민국",강동구
869,효성효성ATM서울도시철도공사상일동역5, 대한민국 서울특별시 강동구 상일동 148번지,강동구
870,신한신한은행ATM 둔촌역, 대한민국 서울특별시 강동구 성내동 440-1,강동구
871,신한신한은행 ATM 암사역지점 점두365," 대한민국 서울특별시 강동구 올림픽로, 787",강동구
872,신한신한은행 ATM (구)암사동지점," 대한민국 서울특별시 강동구 구천면로, 300",강동구
873,우리우리은행ATM 천호점," 대한민국 서울특별시 강동구 천호동, 48-21",강동구
874,우리우리은행ATM 강동구청지점, 대한민국 서울특별시 강동구 고덕동 296,강동구
875,효성효성ATM바이더웨이강동고덕점B, 대한민국 서울특별시 강동구 명일동 47-16번지,강동구
876,효성효성ATM강동구청점B, 대한민국 서울특별시 강동구 성내동 553-14번지,강동구
877,KoKoomin bank ATM," 656, 구천면로, 강동구 서울특별시, 대한민국",강동구
878,우리우리은행ATM 둔촌역지점, 대한민국 서울특별시 강동구 성내동 448-11,강동구
879,국민국민은행ATM 천호동(점외)2, 대한민국 서울특별시 강동구 천호동 455-8,강동구
880,NINICE 강동역, 대한민국 서울특별시 강동구 천호동 447,강동구
881,효성효성ATM바이더웨이명일역점B, 대한민국 서울특별시 강동구 천호동 24-1번지,강동구
882,NINICE 고덕역, 대한민국 서울특별시 강동구 고덕동 310,강동구
883,외환외환은행ATM 둔촌동주공아파트상가, 대한민국 서울특별시 강동구 둔촌동 172-1,강동구
884,신한신한은행ATM 현대백화점천호점, 대한민국 서울특별시 강동구 천호동 455-8,강동구
885,효성효성ATM일반설치점길동예신점, 대한민국 서울특별시 강동구 길동 82-4번지,강동구
886,효성효성ATM일반설치점파스텔암사점, 대한민국 서울특별시 강동구 암사동 476-20번지,강동구
887,효성효성ATM암사성모점G, 대한민국 서울특별시 강동구 암사동 478번지,강동구
888,NINICE 천호역, 대한민국 서울특별시 강동구 천호동 455,강동구
889,하나하나은행ATM," 양재대로128길 길동, 강동구 서울특별시, 대한민국",강동구
890,국민국민은행ATM 암사동지점, 대한민국 서울특별시 강동구 암사동 512-18,강동구
891,우리우리은행ATM 천호동지점, 대한민국 서울특별시 강동구 천호동 454-1,강동구
892,국민국민은행ATM 현대백화점천호점, 대한민국 서울특별시 강동구 천호동 455-8,강동구
893,KCKCI 고덕역, 대한민국 서울특별시 강동구 고덕동 310,강동구
894,신한신한은행 ATM 강동역 점두365," 대한민국 서울특별시 강동구 천호대로, 1099",강동구
895,스탠스탠다드차타드은행ATM 천호사거리점, 대한민국 서울특별시 강동구 천호동 456,강동구
896,효성효성ATM데이앤나이트천호점, 대한민국 서울특별시 강동구 성내동 38-3번지,강동구
897,신한신한은행 ATM 천호동금융센터 점두365," 대한민국 서울특별시 강동구 올림픽로, 674",강동구
898,KCKCI 강동역, 대한민국 서울특별시 강동구 천호동 447,강동구
899,KEKEB외환은행ATM," 대한민국 서울특별시 강동구 상일동 367-4번지, 1층",강동구
900,효성효성ATM훼미리마트암사중앙점F, 대한민국 서울특별시 강동구 암사동 501-12번지,강동구
901,신한신한은행ATM 천호동2지점, 대한민국 서울특별시 강동구 천호동 454-15,강동구
902,하나하나은행ATM 친구병원, 대한민국 서울특별시 강동구 천호동 357,강동구
903,KCKCI 훼미리마트둔촌점, 대한민국 서울특별시 강동구 성내동 440,강동구
904,효성효성ATM일반설치점로얄골드잭팟, 대한민국 서울특별시 강동구 천호동 408-5번지,강동구
905,신한신한은행 ATM 명일역지점1층," 대한민국 서울특별시 강동구 구천면로, 427",강동구
906,효성효성ATM바이더웨이길동스위트점, 대한민국 서울특별시 강동구 길동 413-1번지,강동구
907,신한신한은행 ATM 굽은다리역," 대한민국 서울특별시 강동구 양재대로, 1564",강동구
908,신한신한은행 ATM 길동 점두365," 대한민국 서울특별시 강동구 양재대로, 1464",강동구
909,신한신한은행 ATM 명일동 점두365," 대한민국 서울특별시 강동구 명일동, 347-3",강동구
910,효성효성ATM굿24마트, 대한민국 서울특별시 강동구 상일동 121번지,강동구
911,신한신한은행ATM 코오롱상가지점, 대한민국 서울특별시 강동구 천호동 410-100,강동구
912,KEKEB하나은행 명일동, 대한민국 서울특별시 강동구 명일1동 15,강동구
913,신한신한은행ATM, 대한민국 서울특별시 강동구 고덕동 210-1번지,강동구
914,신한신한은행ATM 고덕동지점, 대한민국 서울특별시 강동구 암사동 501-24,강동구
915,효성효성ATMGS25성내희망점, 대한민국 서울특별시 강동구 성내동 199-30번지,강동구
916,신한신한은행 ATM 이마트천호점," 대한민국 서울특별시 강동구 천호동, 454-1",강동구
917,신한신한은행 ATM 성내동," 대한민국 서울특별시 강동구 성내로, 62",강동구
918,효성효성ATM훼밀리마트둔촌하이츠, 대한민국 서울특별시 강동구 둔촌동 76-6번지,강동구
919,신한신한은행 ATM 길동사거리," 대한민국 서울특별시 강동구 천호대로, 1132",강동구
920,신한신한은행 ATM GS마트명일점," 대한민국 서울특별시 강동구 양재대로, 1630",강동구
921,신한신한은행ATM 주공9단지APT지점, 대한민국 서울특별시 강동구 명일동 257,강동구
922,KCKCI 현대백화점천호점, 대한민국 서울특별시 강동구 천호동 455-8,강동구
923,신한신한은행 강동타운ATM, 대한민국 서울특별시 강동구 암사3동 451-18,강동구
924,KCKCI 조이마트신월점, 대한민국 서울특별시 강동구 성내동 439-16,강동구
925,우리우리은행 365 ATM, 대한민국 서울특별시 강동구 천호동 425-5,강동구
926,KBKB국민은행 강동기업금융, 대한민국 서울특별시 강동구 길동 458-3,강동구
927,신강신강동새마을금고, 대한민국 서울특별시 강동구 둔촌동 426,강동구
928,서울서울강동새마을금고, 대한민국 서울특별시 강동구 강일동,강동구
929,서울서울강동새마을금고, 대한민국 서울특별시 강동구 고덕2동 256-3,강동구
930,서울서울강동새마을금고, 대한민국 서울특별시 강동구 성내동 516-13,강동구
931,국민국민은행 천호역지점, 대한민국 서울특별시 강동구 성내동 9-5,강동구
932,신강신강동새마을금고 명일지점, 대한민국 서울특별시 강동구 명일동 332,강동구
933,이사이사뱅크강동지점, 대한민국 서울특별시 강동구 길동,강동구
934,하나하나은행 강동역 지점, 대한민국 서울특별시 강동구 천호동 447-13,강동구
