,lgdng_cd,ctpv_nm,ctgg_nm,adstrd_nm,adstrd_en_nm,lgdng_nm,adstrd_cd,admn_inst_cd
0,1100000000,서울특별시,서울특별시,서울특별시,Seoul,서울특별시,11.0,1100000000
1,1111000000,서울특별시,종로구,종로구,Jongno-gu,종로구,11010.0,1111000000
2,1111010100,서울특별시,종로구,청운효자동,Cheongunhyoja-dong,청운동,1101072.0,1111051500
3,1111010200,서울특별시,종로구,청운효자동,Cheongunhyoja-dong,신교동,1101072.0,1111051500
4,1111010300,서울특별시,종로구,청운효자동,Cheongunhyoja-dong,궁정동,1101072.0,1111051500
5,1111010400,서울특별시,종로구,청운효자동,Cheongunhyoja-dong,효자동,1101072.0,1111051500
6,1111010500,서울특별시,종로구,청운효자동,Cheongunhyoja-dong,창성동,1101072.0,1111051500
7,1111010800,서울특별시,종로구,청운효자동,Cheongunhyoja-dong,통인동,1101072.0,1111051500
8,1111010900,서울특별시,종로구,청운효자동,Cheongunhyoja-dong,누상동,1101072.0,1111051500
9,1111011000,서울특별시,종로구,청운효자동,Cheongunhyoja-dong,누하동,1101072.0,1111051500
10,1111011100,서울특별시,종로구,청운효자동,Cheongunhyoja-dong,옥인동,1101072.0,1111051500
11,1111011900,서울특별시,종로구,청운효자동,Cheongunhyoja-dong,세종로,1101072.0,1111051500
12,1111010600,서울특별시,종로구,사직동,Sajik-dong,통의동,1101053.0,1111053000
13,1111010700,서울특별시,종로구,사직동,Sajik-dong,적선동,1101053.0,1111053000
14,1111011200,서울특별시,종로구,사직동,Sajik-dong,체부동,1101053.0,1111053000
15,1111011300,서울특별시,종로구,사직동,Sajik-dong,필운동,1101053.0,1111053000
16,1111011400,서울특별시,종로구,사직동,Sajik-dong,내자동,1101053.0,1111053000
17,1111011500,서울특별시,종로구,사직동,Sajik-dong,사직동,1101053.0,1111053000
18,1111011600,서울특별시,종로구,사직동,Sajik-dong,도렴동,1101053.0,1111053000
19,1111011700,서울특별시,종로구,사직동,Sajik-dong,당주동,1101053.0,1111053000
20,1111011800,서울특별시,종로구,사직동,Sajik-dong,내수동,1101053.0,1111053000
21,1111011900,서울특별시,종로구,사직동,Sajik-dong,세종로,1101053.0,1111053000
22,1111012000,서울특별시,종로구,사직동,Sajik-dong,신문로1가,1101053.0,1111053000
23,1111012100,서울특별시,종로구,사직동,Sajik-dong,신문로2가,1101053.0,1111053000
24,1111013900,서울특별시,종로구,삼청동,Samcheong-dong,팔판동,1101054.0,1111054000
25,1111014000,서울특별시,종로구,삼청동,Samcheong-dong,삼청동,1101054.0,1111054000
26,1111014100,서울특별시,종로구,삼청동,Samcheong-dong,안국동,1101054.0,1111054000
27,1111014200,서울특별시,종로구,삼청동,Samcheong-dong,소격동,1101054.0,1111054000
28,1111014300,서울특별시,종로구,삼청동,Samcheong-dong,화동,1101054.0,1111054000
29,1111014400,서울특별시,종로구,삼청동,Samcheong-dong,사간동,1101054.0,1111054000
30,1111014500,서울특별시,종로구,삼청동,Samcheong-dong,송현동,1101054.0,1111054000
31,1111018400,서울특별시,종로구,부암동,Buam-dong,부암동,1101055.0,1111055000
32,1111018500,서울특별시,종로구,부암동,Buam-dong,홍지동,1101055.0,1111055000
33,1111018600,서울특별시,종로구,부암동,Buam-dong,신영동,1101055.0,1111055000
34,1111018200,서울특별시,종로구,평창동,Pyeongchang-dong,구기동,1101056.0,1111056000
35,1111018300,서울특별시,종로구,평창동,Pyeongchang-dong,평창동,1101056.0,1111056000
36,1111018700,서울특별시,종로구,무악동,Muak-dong,무악동,1101057.0,1111057000
37,1111017600,서울특별시,종로구,교남동,Gyonam-dong,교남동,1101058.0,1111058000
38,1111017700,서울특별시,종로구,교남동,Gyonam-dong,평동,1101058.0,1111058000
39,1111017800,서울특별시,종로구,교남동,Gyonam-dong,송월동,1101058.0,1111058000
40,1111017900,서울특별시,종로구,교남동,Gyonam-dong,홍파동,1101058.0,1111058000
41,1111018000,서울특별시,종로구,교남동,Gyonam-dong,교북동,1101058.0,1111058000
42,1111018100,서울특별시,종로구,교남동,Gyonam-dong,행촌동,1101058.0,1111058000
43,1111014600,서울특별시,종로구,가회동,Gahoe-dong,가회동,1101060.0,1111060000
44,1111014700,서울특별시,종로구,가회동,Gahoe-dong,재동,1101060.0,1111060000
45,1111014800,서울특별시,종로구,가회동,Gahoe-dong,계동,1101060.0,1111060000
46,1111014900,서울특별시,종로구,가회동,Gahoe-dong,원서동,1101060.0,1111060000
47,1111011900,서울특별시,종로구,종로1·2·3·4가동,Jongno 1·2·3·4(ilisamsa)-ga-dong,세종로,1101061.0,1111061500
48,1111012200,서울특별시,종로구,종로1·2·3·4가동,Jongno 1·2·3·4(ilisamsa)-ga-dong,청진동,1101061.0,1111061500
49,1111012300,서울특별시,종로구,종로1·2·3·4가동,Jongno 1·2·3·4(ilisamsa)-ga-dong,서린동,1101061.0,1111061500
50,1111012400,서울특별시,종로구,종로1·2·3·4가동,Jongno 1·2·3·4(ilisamsa)-ga-dong,수송동,1101061.0,1111061500
51,1111012500,서울특별시,종로구,종로1·2·3·4가동,Jongno 1·2·3·4(ilisamsa)-ga-dong,중학동,1101061.0,1111061500
52,1111012600,서울특별시,종로구,종로1·2·3·4가동,Jongno 1·2·3·4(ilisamsa)-ga-dong,종로1가,1101061.0,1111061500
53,1111012700,서울특별시,종로구,종로1·2·3·4가동,Jongno 1·2·3·4(ilisamsa)-ga-dong,공평동,1101061.0,1111061500
54,1111012800,서울특별시,종로구,종로1·2·3·4가동,Jongno 1·2·3·4(ilisamsa)-ga-dong,관훈동,1101061.0,1111061500
55,1111012900,서울특별시,종로구,종로1·2·3·4가동,Jongno 1·2·3·4(ilisamsa)-ga-dong,견지동,1101061.0,1111061500
56,1111013000,서울특별시,종로구,종로1·2·3·4가동,Jongno 1·2·3·4(ilisamsa)-ga-dong,와룡동,1101061.0,1111061500
57,1111013100,서울특별시,종로구,종로1·2·3·4가동,Jongno 1·2·3·4(ilisamsa)-ga-dong,권농동,1101061.0,1111061500
58,1111013200,서울특별시,종로구,종로1·2·3·4가동,Jongno 1·2·3·4(ilisamsa)-ga-dong,운니동,1101061.0,1111061500
59,1111013300,서울특별시,종로구,종로1·2·3·4가동,Jongno 1·2·3·4(ilisamsa)-ga-dong,익선동,1101061.0,1111061500
60,1111013400,서울특별시,종로구,종로1·2·3·4가동,Jongno 1·2·3·4(ilisamsa)-ga-dong,경운동,1101061.0,1111061500
61,1111013500,서울특별시,종로구,종로1·2·3·4가동,Jongno 1·2·3·4(ilisamsa)-ga-dong,관철동,1101061.0,1111061500
62,1111013600,서울특별시,종로구,종로1·2·3·4가동,Jongno 1·2·3·4(ilisamsa)-ga-dong,인사동,1101061.0,1111061500
63,1111013700,서울특별시,종로구,종로1·2·3·4가동,Jongno 1·2·3·4(ilisamsa)-ga-dong,낙원동,1101061.0,1111061500
64,1111013800,서울특별시,종로구,종로1·2·3·4가동,Jongno 1·2·3·4(ilisamsa)-ga-dong,종로2가,1101061.0,1111061500
65,1111015000,서울특별시,종로구,종로1·2·3·4가동,Jongno 1·2·3·4(ilisamsa)-ga-dong,훈정동,1101061.0,1111061500
66,1111015100,서울특별시,종로구,종로1·2·3·4가동,Jongno 1·2·3·4(ilisamsa)-ga-dong,묘동,1101061.0,1111061500
67,1111015200,서울특별시,종로구,종로1·2·3·4가동,Jongno 1·2·3·4(ilisamsa)-ga-dong,봉익동,1101061.0,1111061500
68,1111015300,서울특별시,종로구,종로1·2·3·4가동,Jongno 1·2·3·4(ilisamsa)-ga-dong,돈의동,1101061.0,1111061500
69,1111015400,서울특별시,종로구,종로1·2·3·4가동,Jongno 1·2·3·4(ilisamsa)-ga-dong,장사동,1101061.0,1111061500
70,1111015500,서울특별시,종로구,종로1·2·3·4가동,Jongno 1·2·3·4(ilisamsa)-ga-dong,관수동,1101061.0,1111061500
71,1111015600,서울특별시,종로구,종로1·2·3·4가동,Jongno 1·2·3·4(ilisamsa)-ga-dong,종로3가,1101061.0,1111061500
72,1111015700,서울특별시,종로구,종로1·2·3·4가동,Jongno 1·2·3·4(ilisamsa)-ga-dong,인의동,1101061.0,1111061500
73,1111015800,서울특별시,종로구,종로1·2·3·4가동,Jongno 1·2·3·4(ilisamsa)-ga-dong,예지동,1101061.0,1111061500
74,1111015900,서울특별시,종로구,종로1·2·3·4가동,Jongno 1·2·3·4(ilisamsa)-ga-dong,원남동,1101061.0,1111061500
75,1111016100,서울특별시,종로구,종로1·2·3·4가동,Jongno 1·2·3·4(ilisamsa)-ga-dong,종로4가,1101061.0,1111061500
76,1111016000,서울특별시,종로구,종로5·6가동,Jongno 5·6(oryuk)-ga-dong,연지동,1101063.0,1111063000
77,1111016200,서울특별시,종로구,종로5·6가동,Jongno 5·6(oryuk)-ga-dong,효제동,1101063.0,1111063000
78,1111016300,서울특별시,종로구,종로5·6가동,Jongno 5·6(oryuk)-ga-dong,종로5가,1101063.0,1111063000
79,1111016400,서울특별시,종로구,종로5·6가동,Jongno 5·6(oryuk)-ga-dong,종로6가,1101063.0,1111063000
80,1111016700,서울특별시,종로구,종로5·6가동,Jongno 5·6(oryuk)-ga-dong,충신동,1101063.0,1111063000
81,1111016500,서울특별시,종로구,이화동,Ihwa-dong,이화동,1101064.0,1111064000
82,1111016600,서울특별시,종로구,이화동,Ihwa-dong,연건동,1101064.0,1111064000
83,1111016800,서울특별시,종로구,이화동,Ihwa-dong,동숭동,1101064.0,1111064000
84,1111013000,서울특별시,종로구,혜화동,Hyehwa-dong,와룡동,1101073.0,1111065000
85,1111016900,서울특별시,종로구,혜화동,Hyehwa-dong,혜화동,1101073.0,1111065000
86,1111017000,서울특별시,종로구,혜화동,Hyehwa-dong,명륜1가,1101073.0,1111065000
87,1111017100,서울특별시,종로구,혜화동,Hyehwa-dong,명륜2가,1101073.0,1111065000
88,1111017200,서울특별시,종로구,혜화동,Hyehwa-dong,명륜4가,1101073.0,1111065000
89,1111017300,서울특별시,종로구,혜화동,Hyehwa-dong,명륜3가,1101073.0,1111065000
90,1111017400,서울특별시,종로구,창신제1동,Changsin 1(il)-dong,창신동,1101067.0,1111067000
91,1111017400,서울특별시,종로구,창신제2동,Changsin 2(i)-dong,창신동,1101068.0,1111068000
92,1111017400,서울특별시,종로구,창신제3동,Changsin 3(sam)-dong,창신동,1101069.0,1111069000
93,1111017500,서울특별시,종로구,숭인제1동,Sungin 1(il)-dong,숭인동,1101070.0,1111070000
94,1111017500,서울특별시,종로구,숭인제2동,Sungin 2(i)-dong,숭인동,1101071.0,1111071000
95,1114000000,서울특별시,중구,중구,Jung-gu,중구,11020.0,1114000000
96,1114011100,서울특별시,중구,소공동,Sogong-dong,소공동,1102052.0,1114052000
97,1114011300,서울특별시,중구,소공동,Sogong-dong,북창동,1102052.0,1114052000
98,1114011400,서울특별시,중구,소공동,Sogong-dong,태평로2가,1102052.0,1114052000
99,1114011500,서울특별시,중구,소공동,Sogong-dong,남대문로2가,1102052.0,1114052000
100,1114011600,서울특별시,중구,소공동,Sogong-dong,남대문로3가,1102052.0,1114052000
101,1114011700,서울특별시,중구,소공동,Sogong-dong,남대문로4가,1102052.0,1114052000
102,1114011900,서울특별시,중구,소공동,Sogong-dong,봉래동1가,1102052.0,1114052000
103,1114016600,서울특별시,중구,소공동,Sogong-dong,서소문동,1102052.0,1114052000
104,1114016700,서울특별시,중구,소공동,Sogong-dong,정동,1102052.0,1114052000
105,1114016800,서울특별시,중구,소공동,Sogong-dong,순화동,1102052.0,1114052000
106,1114016900,서울특별시,중구,소공동,Sogong-dong,의주로1가,1102052.0,1114052000
107,1114017000,서울특별시,중구,소공동,Sogong-dong,충정로1가,1102052.0,1114052000
108,1114011200,서울특별시,중구,회현동,Hoehyeon-dong,남창동,1102054.0,1114054000
109,1114011600,서울특별시,중구,회현동,Hoehyeon-dong,남대문로3가,1102054.0,1114054000
110,1114011700,서울특별시,중구,회현동,Hoehyeon-dong,남대문로4가,1102054.0,1114054000
111,1114011800,서울특별시,중구,회현동,Hoehyeon-dong,남대문로5가,1102054.0,1114054000
112,1114011900,서울특별시,중구,회현동,Hoehyeon-dong,봉래동1가,1102054.0,1114054000
113,1114012000,서울특별시,중구,회현동,Hoehyeon-dong,봉래동2가,1102054.0,1114054000
114,1114012100,서울특별시,중구,회현동,Hoehyeon-dong,회현동1가,1102054.0,1114054000
115,1114012200,서울특별시,중구,회현동,Hoehyeon-dong,회현동2가,1102054.0,1114054000
116,1114012400,서울특별시,중구,회현동,Hoehyeon-dong,충무로1가,1102054.0,1114054000
117,1114016800,서울특별시,중구,회현동,Hoehyeon-dong,순화동,1102054.0,1114054000
118,1114010100,서울특별시,중구,명동,Myeong-dong,무교동,1102055.0,1114055000
119,1114010200,서울특별시,중구,명동,Myeong-dong,다동,1102055.0,1114055000
120,1114010300,서울특별시,중구,명동,Myeong-dong,태평로1가,1102055.0,1114055000
121,1114010400,서울특별시,중구,명동,Myeong-dong,을지로1가,1102055.0,1114055000
122,1114010500,서울특별시,중구,명동,Myeong-dong,을지로2가,1102055.0,1114055000
123,1114010600,서울특별시,중구,명동,Myeong-dong,남대문로1가,1102055.0,1114055000
124,1114010700,서울특별시,중구,명동,Myeong-dong,삼각동,1102055.0,1114055000
125,1114010800,서울특별시,중구,명동,Myeong-dong,수하동,1102055.0,1114055000
126,1114010900,서울특별시,중구,명동,Myeong-dong,장교동,1102055.0,1114055000
127,1114011000,서울특별시,중구,명동,Myeong-dong,수표동,1102055.0,1114055000
128,1114011500,서울특별시,중구,명동,Myeong-dong,남대문로2가,1102055.0,1114055000
129,1114012100,서울특별시,중구,명동,Myeong-dong,회현동1가,1102055.0,1114055000
130,1114012200,서울특별시,중구,명동,Myeong-dong,회현동2가,1102055.0,1114055000
131,1114012300,서울특별시,중구,명동,Myeong-dong,회현동3가,1102055.0,1114055000
132,1114012400,서울특별시,중구,명동,Myeong-dong,충무로1가,1102055.0,1114055000
133,1114012500,서울특별시,중구,명동,Myeong-dong,충무로2가,1102055.0,1114055000
134,1114012600,서울특별시,중구,명동,Myeong-dong,명동1가,1102055.0,1114055000
135,1114012700,서울특별시,중구,명동,Myeong-dong,명동2가,1102055.0,1114055000
136,1114012800,서울특별시,중구,명동,Myeong-dong,남산동1가,1102055.0,1114055000
137,1114012900,서울특별시,중구,명동,Myeong-dong,남산동2가,1102055.0,1114055000
138,1114013000,서울특별시,중구,명동,Myeong-dong,남산동3가,1102055.0,1114055000
139,1114013100,서울특별시,중구,명동,Myeong-dong,저동1가,1102055.0,1114055000
140,1114014200,서울특별시,중구,명동,Myeong-dong,예장동,1102055.0,1114055000
141,1114013200,서울특별시,중구,필동,Pil-dong,충무로4가,1102057.0,1114057000
142,1114013300,서울특별시,중구,필동,Pil-dong,충무로5가,1102057.0,1114057000
143,1114013600,서울특별시,중구,필동,Pil-dong,묵정동,1102057.0,1114057000
144,1114013700,서울특별시,중구,필동,Pil-dong,필동1가,1102057.0,1114057000
145,1114013800,서울특별시,중구,필동,Pil-dong,필동2가,1102057.0,1114057000
146,1114013900,서울특별시,중구,필동,Pil-dong,필동3가,1102057.0,1114057000
147,1114014000,서울특별시,중구,필동,Pil-dong,남학동,1102057.0,1114057000
148,1114014100,서울특별시,중구,필동,Pil-dong,주자동,1102057.0,1114057000
149,1114014200,서울특별시,중구,필동,Pil-dong,예장동,1102057.0,1114057000
150,1114014400,서울특별시,중구,필동,Pil-dong,장충동2가,1102057.0,1114057000
151,1114015800,서울특별시,중구,필동,Pil-dong,충무로3가,1102057.0,1114057000
152,1114013600,서울특별시,중구,장충동,Jangchung-dong,묵정동,1102058.0,1114058000
153,1114014300,서울특별시,중구,장충동,Jangchung-dong,장충동1가,1102058.0,1114058000
154,1114014400,서울특별시,중구,장충동,Jangchung-dong,장충동2가,1102058.0,1114058000
155,1114013200,서울특별시,중구,광희동,Gwanghui-dong ,충무로4가,1102059.0,1114059000
156,1114013300,서울특별시,중구,광희동,Gwanghui-dong ,충무로5가,1102059.0,1114059000
157,1114013400,서울특별시,중구,광희동,Gwanghui-dong ,인현동2가,1102059.0,1114059000
158,1114013500,서울특별시,중구,광희동,Gwanghui-dong ,예관동,1102059.0,1114059000
159,1114014500,서울특별시,중구,광희동,Gwanghui-dong ,광희동1가,1102059.0,1114059000
160,1114014600,서울특별시,중구,광희동,Gwanghui-dong ,광희동2가,1102059.0,1114059000
161,1114014700,서울특별시,중구,광희동,Gwanghui-dong ,쌍림동,1102059.0,1114059000
162,1114014800,서울특별시,중구,광희동,Gwanghui-dong ,을지로6가,1102059.0,1114059000
163,1114014900,서울특별시,중구,광희동,Gwanghui-dong ,을지로7가,1102059.0,1114059000
164,1114015400,서울특별시,중구,광희동,Gwanghui-dong ,오장동,1102059.0,1114059000
165,1114015000,서울특별시,중구,을지로동,Euljiro-dong,을지로4가,1102060.0,1114060500
166,1114015100,서울특별시,중구,을지로동,Euljiro-dong,을지로5가,1102060.0,1114060500
167,1114015200,서울특별시,중구,을지로동,Euljiro-dong,주교동,1102060.0,1114060500
168,1114015300,서울특별시,중구,을지로동,Euljiro-dong,방산동,1102060.0,1114060500
169,1114015500,서울특별시,중구,을지로동,Euljiro-dong,을지로3가,1102060.0,1114060500
170,1114015600,서울특별시,중구,을지로동,Euljiro-dong,입정동,1102060.0,1114060500
171,1114015700,서울특별시,중구,을지로동,Euljiro-dong,산림동,1102060.0,1114060500
172,1114015900,서울특별시,중구,을지로동,Euljiro-dong,초동,1102060.0,1114060500
173,1114016000,서울특별시,중구,을지로동,Euljiro-dong,인현동1가,1102060.0,1114060500
174,1114016100,서울특별시,중구,을지로동,Euljiro-dong,저동2가,1102060.0,1114060500
175,1114016200,서울특별시,중구,신당동,Sindang-dong,신당동,1102069.0,1114061500
176,1114016300,서울특별시,중구,신당동,Sindang-dong,흥인동,1102069.0,1114061500
177,1114016400,서울특별시,중구,신당동,Sindang-dong,무학동,1102069.0,1114061500
178,1114016200,서울특별시,중구,다산동,Dasan-dong,신당동,1102070.0,1114062500
179,1114016200,서울특별시,중구,약수동,Yaksu-dong,신당동,1102071.0,1114063500
180,1114016200,서울특별시,중구,청구동,Cheonggu-dong,신당동,1102072.0,1114064500
181,1114016200,서울특별시,중구,신당제5동,Sindang 5(o)-dong,신당동,1102065.0,1114065000
182,1114016200,서울특별시,중구,동화동,Donghwa-dong,신당동,1102073.0,1114066500
183,1114016500,서울특별시,중구,황학동,Hwanghak-dong,황학동,1102067.0,1114067000
184,1114017100,서울특별시,중구,중림동,Jungnim-dong,중림동,1102068.0,1114068000
185,1114017200,서울특별시,중구,중림동,Jungnim-dong,의주로2가,1102068.0,1114068000
186,1114017300,서울특별시,중구,중림동,Jungnim-dong,만리동1가,1102068.0,1114068000
187,1114017400,서울특별시,중구,중림동,Jungnim-dong,만리동2가,1102068.0,1114068000
188,1117000000,서울특별시,용산구,용산구,Yongsan-gu,용산구,11030.0,1117000000
189,1117010100,서울특별시,용산구,후암동,Huam-dong,후암동,1103051.0,1117051000
190,1117010200,서울특별시,용산구,용산2가동,Yongsan 2-ga-dong,용산동2가,1103052.0,1117052000
191,1117010300,서울특별시,용산구,용산2가동,Yongsan 2-ga-dong,용산동4가,1103052.0,1117052000
192,1117010400,서울특별시,용산구,남영동,Namyeong-dong,갈월동,1103053.0,1117053000
193,1117010500,서울특별시,용산구,남영동,Namyeong-dong,남영동,1103053.0,1117053000
194,1117010600,서울특별시,용산구,남영동,Namyeong-dong,용산동1가,1103053.0,1117053000
195,1117010700,서울특별시,용산구,남영동,Namyeong-dong,동자동,1103053.0,1117053000
196,1117010800,서울특별시,용산구,청파동,Cheongpa-dong,서계동,1103071.0,1117055500
197,1117010900,서울특별시,용산구,청파동,Cheongpa-dong,청파동1가,1103071.0,1117055500
198,1117011000,서울특별시,용산구,청파동,Cheongpa-dong,청파동2가,1103071.0,1117055500
199,1117011100,서울특별시,용산구,청파동,Cheongpa-dong,청파동3가,1103071.0,1117055500
200,1117011200,서울특별시,용산구,원효로제1동,Wonhyoro 1(il)-dong,원효로1가,1103072.0,1117056000
201,1117011300,서울특별시,용산구,원효로제1동,Wonhyoro 1(il)-dong,원효로2가,1103072.0,1117056000
202,1117012200,서울특별시,용산구,원효로제1동,Wonhyoro 1(il)-dong,문배동,1103072.0,1117056000
203,1117012300,서울특별시,용산구,원효로제1동,Wonhyoro 1(il)-dong,신계동,1103072.0,1117056000
204,1117011400,서울특별시,용산구,원효로제2동,Wonhyoro 2(i)-dong,신창동,1103057.0,1117057000
205,1117011500,서울특별시,용산구,원효로제2동,Wonhyoro 2(i)-dong,산천동,1103057.0,1117057000
206,1117011600,서울특별시,용산구,원효로제2동,Wonhyoro 2(i)-dong,청암동,1103057.0,1117057000
207,1117011700,서울특별시,용산구,원효로제2동,Wonhyoro 2(i)-dong,원효로3가,1103057.0,1117057000
208,1117011800,서울특별시,용산구,원효로제2동,Wonhyoro 2(i)-dong,원효로4가,1103057.0,1117057000
209,1117011900,서울특별시,용산구,효창동,Hyochang-dong,효창동,1103058.0,1117058000
210,1117012000,서울특별시,용산구,용문동,Yongmun-dong,도원동,1103059.0,1117059000
211,1117012100,서울특별시,용산구,용문동,Yongmun-dong,용문동,1103059.0,1117059000
212,1117012400,서울특별시,용산구,한강로동,Hangangno-dong,한강로1가,1103073.0,1117062500
213,1117012500,서울특별시,용산구,한강로동,Hangangno-dong,한강로2가,1103073.0,1117062500
214,1117012600,서울특별시,용산구,한강로동,Hangangno-dong,용산동3가,1103073.0,1117062500
215,1117012700,서울특별시,용산구,한강로동,Hangangno-dong,용산동5가,1103073.0,1117062500
216,1117012800,서울특별시,용산구,한강로동,Hangangno-dong,한강로3가,1103073.0,1117062500
217,1117012900,서울특별시,용산구,이촌제1동,Ichon 1(il)-dong,이촌동,1103063.0,1117063000
218,1117012900,서울특별시,용산구,이촌제2동,Ichon 2(i)-dong,이촌동,1103064.0,1117064000
219,1117013000,서울특별시,용산구,이태원제1동,Itaewon 1(il)-dong,이태원동,1103065.0,1117065000
220,1117013000,서울특별시,용산구,이태원제2동,Itaewon 2(i)-dong,이태원동,1103066.0,1117066000
221,1117013100,서울특별시,용산구,한남동,Hannam-dong,한남동,1103074.0,1117068500
222,1117013200,서울특별시,용산구,서빙고동,Seobinggo-dong,동빙고동,1103069.0,1117069000
223,1117013300,서울특별시,용산구,서빙고동,Seobinggo-dong,서빙고동,1103069.0,1117069000
224,1117013400,서울특별시,용산구,서빙고동,Seobinggo-dong,주성동,1103069.0,1117069000
225,1117013500,서울특별시,용산구,서빙고동,Seobinggo-dong,용산동6가,1103069.0,1117069000
226,1117013600,서울특별시,용산구,보광동,Bogwang-dong,보광동,1103070.0,1117070000
227,1120000000,서울특별시,성동구,성동구,Seongdong-gu,성동구,11040.0,1120000000
228,1120010200,서울특별시,성동구,왕십리제2동,Wangsimni 2(i)-dong,하왕십리동,1104052.0,1120052000
229,1120010100,서울특별시,성동구,왕십리도선동,WangsimniDoseon-dong,상왕십리동,1104071.0,1120053500
230,1120010200,서울특별시,성동구,왕십리도선동,WangsimniDoseon-dong,하왕십리동,1104071.0,1120053500
231,1120010300,서울특별시,성동구,왕십리도선동,WangsimniDoseon-dong,홍익동,1104071.0,1120053500
232,1120010400,서울특별시,성동구,왕십리도선동,WangsimniDoseon-dong,도선동,1104071.0,1120053500
233,1120010500,서울특별시,성동구,마장동,Majang-dong,마장동,1104054.0,1120054000
234,1120010600,서울특별시,성동구,사근동,Sageun-dong,사근동,1104055.0,1120055000
235,1120010700,서울특별시,성동구,사근동,Sageun-dong,행당동,1104055.0,1120055000
236,1120010700,서울특별시,성동구,행당제1동,Haengdang 1(il)-dong,행당동,1104056.0,1120056000
237,1120010700,서울특별시,성동구,행당제2동,Haengdang 2(i)-dong,행당동,1104057.0,1120057000
238,1120010800,서울특별시,성동구,응봉동,Eungbong-dong,응봉동,1104058.0,1120058000
239,1120010900,서울특별시,성동구,금호1가동,Geumho 1(il)-ga-dong,금호동1가,1104059.0,1120059000
240,1120011000,서울특별시,성동구,금호2·3가동,Geumho 2·3(i·sam)-ga-dong,금호동2가,1104072.0,1120061500
241,1120011100,서울특별시,성동구,금호2·3가동,Geumho 2·3(i·sam)-ga-dong,금호동3가,1104072.0,1120061500
242,1120011200,서울특별시,성동구,금호4가동,Geumho 4(sa)-ga-dong,금호동4가,1104062.0,1120062000
243,1120011300,서울특별시,성동구,옥수동,Oksu-dong,옥수동,1104073.0,1120064500
244,1120011400,서울특별시,성동구,성수1가제1동,Seongsu 1(il)-ga1(il)-dong,성수동1가,1104065.0,1120065000
245,1120011400,서울특별시,성동구,성수1가제2동,Seongsu 1(il)-ga2(i)-dong,성수동1가,1104066.0,1120066000
246,1120011500,서울특별시,성동구,성수2가제1동,Seongsu 2(i)-ga1(il)-dong,성수동2가,1104067.0,1120067000
247,1120011500,서울특별시,성동구,성수2가제3동,Seongsu 2(i)-ga 3(sam)-dong,성수동2가,1104068.0,1120069000
248,1120011800,서울특별시,성동구,송정동,Songjeong-dong,송정동,1104069.0,1120072000
249,1120011800,서울특별시,성동구,용답동,Yongdap-dong,송정동,1104070.0,1120079000
250,1120012200,서울특별시,성동구,용답동,Yongdap-dong,용답동,1104070.0,1120079000
251,1121500000,서울특별시,광진구,광진구,Gwangjin-gu,광진구,11050.0,1121500000
252,1121510700,서울특별시,광진구,화양동,Hwayang-dong,화양동,1105053.0,1121571000
253,1121510900,서울특별시,광진구,군자동,Gunja-dong,군자동,1105054.0,1121573000
254,1121510100,서울특별시,광진구,중곡제1동,Junggok 1(il)-dong,중곡동,1105055.0,1121574000
255,1121510100,서울특별시,광진구,중곡제2동,Junggok 2(i)-dong,중곡동,1105056.0,1121575000
256,1121510100,서울특별시,광진구,중곡제3동,Junggok 3(sam)-dong,중곡동,1105057.0,1121576000
257,1121510100,서울특별시,광진구,중곡제4동,Junggok 4(sa)-dong,중곡동,1105058.0,1121577000
258,1121510200,서울특별시,광진구,능동,Neung-dong,능동,1105059.0,1121578000
259,1121510400,서울특별시,광진구,광장동,Gwangjang-dong,광장동,1105063.0,1121581000
260,1121510500,서울특별시,광진구,자양제1동,Jayang 1(il)-dong,자양동,1105064.0,1121582000
261,1121510500,서울특별시,광진구,자양제2동,Jayang 2(i)-dong,자양동,1105065.0,1121583000
262,1121510500,서울특별시,광진구,자양제3동,Jayang 3(sam)-dong,자양동,1105066.0,1121584000
263,1121510500,서울특별시,광진구,자양제4동,Jayang 4(sa)-dong,자양동,1105067.0,1121584700
264,1121510300,서울특별시,광진구,구의제1동,Guui 1(il)-dong,구의동,1105060.0,1121585000
265,1121510300,서울특별시,광진구,구의제2동,Guui 2(i)-dong,구의동,1105061.0,1121586000
266,1121510300,서울특별시,광진구,구의제3동,Guui 3(sam)-dong,구의동,1105062.0,1121587000
267,1123000000,서울특별시,동대문구,동대문구,Dongdaemun-gu,동대문구,11060.0,1123000000
268,1123010100,서울특별시,동대문구,용신동,Yongsin-dong,신설동,1106081.0,1123053600
269,1123010200,서울특별시,동대문구,용신동,Yongsin-dong,용두동,1106081.0,1123053600
270,1123010300,서울특별시,동대문구,제기동,Jegi-dong,제기동,1106082.0,1123054500
271,1123010400,서울특별시,동대문구,전농제1동,Jeonnong 1(il)-dong,전농동,1106083.0,1123056000
272,1123010400,서울특별시,동대문구,전농제2동,Jeonnong 2(i)-dong,전농동,1106084.0,1123057000
273,1123010500,서울특별시,동대문구,답십리제1동,Dapsimni 1(il)-dong,답십리동,1106091.0,1123060000
274,1123010500,서울특별시,동대문구,답십리제2동,Dapsimni 2(i)-dong,답십리동,1106086.0,1123061000
275,1123010600,서울특별시,동대문구,장안제1동,Jangan 1(il)-dong,장안동,1106087.0,1123065000
276,1123010600,서울특별시,동대문구,장안제2동,Jangan 2(i)-dong,장안동,1106088.0,1123066000
277,1123010700,서울특별시,동대문구,청량리동,Cheongnyangni-dong,청량리동,1106080.0,1123070500
278,1123010800,서울특별시,동대문구,회기동,Hoegi-dong,회기동,1106071.0,1123071000
279,1123010900,서울특별시,동대문구,휘경제1동,Hwigyeong 1(il)-dong,휘경동,1106072.0,1123072000
280,1123010900,서울특별시,동대문구,휘경제2동,Hwigyeong 2(i)-dong,휘경동,1106073.0,1123073000
281,1123011000,서울특별시,동대문구,이문제1동,Imun 1(il)-dong,이문동,1106089.0,1123074000
282,1123011000,서울특별시,동대문구,이문제2동,Imun 2(i)-dong,이문동,1106090.0,1123075000
283,1126000000,서울특별시,중랑구,중랑구,Jungnang-gu,중랑구,11070.0,1126000000
284,1126010100,서울특별시,중랑구,면목제2동,Myeonmok 2(i)-dong,면목동,1107052.0,1126052000
285,1126010100,서울특별시,중랑구,면목제4동,Myeonmok 4(sa)-dong,면목동,1107054.0,1126054000
286,1126010100,서울특별시,중랑구,면목제5동,Myeonmok 5(o)-dong,면목동,1107055.0,1126055000
287,1126010100,서울특별시,중랑구,면목본동,Myeonmokbon-dong,면목동,1107071.0,1126056500
288,1126010100,서울특별시,중랑구,면목제7동,Myeonmok 7(chil)-dong,면목동,1107057.0,1126057000
289,1126010100,서울특별시,중랑구,면목제3·8동,Myeonmok 3·8(sam·pal)-dong,면목동,1107072.0,1126057500
290,1126010200,서울특별시,중랑구,상봉제1동,Sangbong 1(il)-dong,상봉동,1107059.0,1126058000
291,1126010200,서울특별시,중랑구,상봉제2동,Sangbong 2(i)-dong,상봉동,1107060.0,1126059000
292,1126010300,서울특별시,중랑구,중화제1동,Junghwa 1(il)-dong,중화동,1107061.0,1126060000
293,1126010300,서울특별시,중랑구,중화제2동,Junghwa 2(i)-dong,중화동,1107062.0,1126061000
294,1126010400,서울특별시,중랑구,묵제1동,Muk 1(il)-dong,묵동,1107064.0,1126062000
295,1126010400,서울특별시,중랑구,묵제2동,Muk 2(i)-dong,묵동,1107065.0,1126063000
296,1126010500,서울특별시,중랑구,망우본동,Mangubon-dong,망우동,1107073.0,1126065500
297,1126010500,서울특별시,중랑구,망우제3동,Mangu 3(sam)-dong,망우동,1107068.0,1126066000
298,1126010600,서울특별시,중랑구,신내1동,Sinnae 1(il)-dong,신내동,1107069.0,1126068000
299,1126010600,서울특별시,중랑구,신내2동,Sinnae 2(i)-dong,신내동,1107070.0,1126069000
300,1129000000,서울특별시,성북구,성북구,Seongbuk-gu,성북구,11080.0,1129000000
301,1129010100,서울특별시,성북구,성북동,Seongbuk-dong,성북동,1108081.0,1129052500
302,1129010200,서울특별시,성북구,성북동,Seongbuk-dong,성북동1가,1108081.0,1129052500
303,1129010400,서울특별시,성북구,성북동,Seongbuk-dong,동소문동1가,1108081.0,1129052500
304,1129010700,서울특별시,성북구,성북동,Seongbuk-dong,동소문동4가,1108081.0,1129052500
305,1129010500,서울특별시,성북구,삼선동,Samseon-dong,동소문동2가,1108082.0,1129055500
306,1129010600,서울특별시,성북구,삼선동,Samseon-dong,동소문동3가,1108082.0,1129055500
307,1129010800,서울특별시,성북구,삼선동,Samseon-dong,동소문동5가,1108082.0,1129055500
308,1129011100,서울특별시,성북구,삼선동,Samseon-dong,삼선동1가,1108082.0,1129055500
309,1129011200,서울특별시,성북구,삼선동,Samseon-dong,삼선동2가,1108082.0,1129055500
310,1129011300,서울특별시,성북구,삼선동,Samseon-dong,삼선동3가,1108082.0,1129055500
311,1129011400,서울특별시,성북구,삼선동,Samseon-dong,삼선동4가,1108082.0,1129055500
312,1129011500,서울특별시,성북구,삼선동,Samseon-dong,삼선동5가,1108082.0,1129055500
313,1129010300,서울특별시,성북구,동선동,Dongseon-dong,돈암동,1108083.0,1129057500
314,1129010900,서울특별시,성북구,동선동,Dongseon-dong,동소문동6가,1108083.0,1129057500
315,1129011000,서울특별시,성북구,동선동,Dongseon-dong,동소문동7가,1108083.0,1129057500
316,1129011600,서울특별시,성북구,동선동,Dongseon-dong,동선동1가,1108083.0,1129057500
317,1129011700,서울특별시,성북구,동선동,Dongseon-dong,동선동2가,1108083.0,1129057500
318,1129011800,서울특별시,성북구,동선동,Dongseon-dong,동선동3가,1108083.0,1129057500
319,1129011900,서울특별시,성북구,동선동,Dongseon-dong,동선동4가,1108083.0,1129057500
320,1129012000,서울특별시,성북구,동선동,Dongseon-dong,동선동5가,1108083.0,1129057500
321,1129010300,서울특별시,성북구,돈암제1동,Donam 1(il)-dong,돈암동,1108058.0,1129058000
322,1129010300,서울특별시,성북구,돈암제2동,Donam 2(i)-dong,돈암동,1108059.0,1129059000
323,1129012100,서울특별시,성북구,안암동,Anam-dong,안암동1가,1108060.0,1129060000
324,1129012200,서울특별시,성북구,안암동,Anam-dong,안암동2가,1108060.0,1129060000
325,1129012300,서울특별시,성북구,안암동,Anam-dong,안암동3가,1108060.0,1129060000
326,1129012400,서울특별시,성북구,안암동,Anam-dong,안암동4가,1108060.0,1129060000
327,1129012500,서울특별시,성북구,안암동,Anam-dong,안암동5가,1108060.0,1129060000
328,1129012600,서울특별시,성북구,보문동,Bomun-dong,보문동4가,1108061.0,1129061000
329,1129012700,서울특별시,성북구,보문동,Bomun-dong,보문동5가,1108061.0,1129061000
330,1129012800,서울특별시,성북구,보문동,Bomun-dong,보문동6가,1108061.0,1129061000
331,1129012900,서울특별시,성북구,보문동,Bomun-dong,보문동7가,1108061.0,1129061000
332,1129013000,서울특별시,성북구,보문동,Bomun-dong,보문동1가,1108061.0,1129061000
333,1129013100,서울특별시,성북구,보문동,Bomun-dong,보문동2가,1108061.0,1129061000
334,1129013200,서울특별시,성북구,보문동,Bomun-dong,보문동3가,1108061.0,1129061000
335,1129013300,서울특별시,성북구,정릉제1동,Jeongneung 1(il)-dong,정릉동,1108062.0,1129062000
336,1129010300,서울특별시,성북구,정릉제2동,Jeongneung 2(i)-dong,돈암동,1108063.0,1129063000
337,1129013300,서울특별시,성북구,정릉제2동,Jeongneung 2(i)-dong,정릉동,1108063.0,1129063000
338,1129013300,서울특별시,성북구,정릉제3동,Jeongneung 3(sam)-dong,정릉동,1108064.0,1129064000
339,1129013300,서울특별시,성북구,정릉제4동,Jeongneung 4(sa)-dong,정릉동,1108065.0,1129065000
340,1129013400,서울특별시,성북구,길음제1동,Gireum 1(il)-dong,길음동,1108066.0,1129066000
341,1129013400,서울특별시,성북구,길음제2동,Gireum 2(i)-dong,길음동,1108068.0,1129068500
342,1129013600,서울특별시,성북구,길음제2동,Gireum 2(i)-dong,하월곡동,1108068.0,1129068500
343,1129013500,서울특별시,성북구,종암동,Jongam-dong,종암동,1108084.0,1129070500
344,1129013600,서울특별시,성북구,월곡제1동,Wolgok 1(il)-dong,하월곡동,1108071.0,1129071500
345,1129013600,서울특별시,성북구,월곡제2동,Wolgok 2(i)-dong,하월곡동,1108072.0,1129072500
346,1129013700,서울특별시,성북구,월곡제2동,Wolgok 2(i)-dong,상월곡동,1108072.0,1129072500
347,1129013800,서울특별시,성북구,장위제1동,Jangwi 1(il)-dong,장위동,1108076.0,1129076000
348,1129013800,서울특별시,성북구,장위제2동,Jangwi 2(i)-dong,장위동,1108077.0,1129077000
349,1129013800,서울특별시,성북구,장위제3동,Jangwi 3(sam)-dong,장위동,1108078.0,1129078000
350,1129013900,서울특별시,성북구,석관동,Seokgwan-dong,석관동,1108085.0,1129081000
351,1130500000,서울특별시,강북구,강북구,Gangbuk-gu,강북구,11090.0,1130500000
352,1130510100,서울특별시,강북구,삼양동,Samyang-dong,미아동,1109069.0,1130553400
353,1130510100,서울특별시,강북구,미아동,Mia-dong,미아동,1109070.0,1130553500
354,1130510100,서울특별시,강북구,송중동,Songjung-dong,미아동,1109071.0,1130554500
355,1130510100,서울특별시,강북구,송천동,Songcheon-dong,미아동,1109072.0,1130555500
356,1130510100,서울특별시,강북구,삼각산동,Samgaksan-dong,미아동,1109073.0,1130557500
357,1130510200,서울특별시,강북구,번1동,Beon 1(il)-dong,번동,1109060.0,1130559500
358,1130510200,서울특별시,강북구,번2동,Beon 2(i)-dong,번동,1109061.0,1130560300
359,1130510200,서울특별시,강북구,번3동,Beon 3(sam)-dong,번동,1109062.0,1130560800
360,1130510300,서울특별시,강북구,수유1동,Suyu 1(il)-dong,수유동,1109063.0,1130561500
361,1130510300,서울특별시,강북구,수유2동,Suyu 2(i)-dong,수유동,1109064.0,1130562500
362,1130510300,서울특별시,강북구,수유3동,Suyu 3(sam)-dong,수유동,1109065.0,1130563500
363,1130510300,서울특별시,강북구,우이동,Ui-dong,수유동,1109074.0,1130564500
364,1130510400,서울특별시,강북구,우이동,Ui-dong,우이동,1109074.0,1130564500
365,1130510300,서울특별시,강북구,인수동,Insu-dong,수유동,1109075.0,1130566000
366,1132000000,서울특별시,도봉구,도봉구,Dobong-gu,도봉구,11100.0,1132000000
367,1132010700,서울특별시,도봉구,창제1동,Chang 1(il)-dong,창동,1110059.0,1132051100
368,1132010700,서울특별시,도봉구,창제2동,Chang 2(i)-dong,창동,1110060.0,1132051200
369,1132010700,서울특별시,도봉구,창제3동,Chang 3(sam)-dong,창동,1110061.0,1132051300
370,1132010700,서울특별시,도봉구,창제4동,Chang 4(sa)-dong,창동,1110062.0,1132051400
371,1132010700,서울특별시,도봉구,창제5동,Chang 5(o)-dong,창동,1110063.0,1132051500
372,1132010800,서울특별시,도봉구,도봉제1동,Dobong 1(il)-dong,도봉동,1110064.0,1132052100
373,1132010800,서울특별시,도봉구,도봉제2동,Dobong 2(i)-dong,도봉동,1110065.0,1132052200
374,1132010500,서울특별시,도봉구,쌍문제1동,Ssangmun 1(il)-dong,쌍문동,1110051.0,1132066000
375,1132010500,서울특별시,도봉구,쌍문제2동,Ssangmun 2(i)-dong,쌍문동,1110052.0,1132067000
376,1132010500,서울특별시,도봉구,쌍문제3동,Ssangmun 3(sam)-dong,쌍문동,1110053.0,1132068000
377,1132010500,서울특별시,도봉구,쌍문제4동,Ssangmun 4(sa)-dong,쌍문동,1110054.0,1132068100
378,1132010600,서울특별시,도봉구,방학제1동,Banghak 1(il)-dong,방학동,1110055.0,1132069000
379,1132010600,서울특별시,도봉구,방학제2동,Banghak 2(i)-dong,방학동,1110056.0,1132070000
380,1132010600,서울특별시,도봉구,방학제3동,Banghak 3(sam)-dong,방학동,1110057.0,1132071000
381,1135000000,서울특별시,노원구,노원구,Nowon-gu,노원구,11110.0,1135000000
382,1135010200,서울특별시,노원구,월계1동,Wolgye 1(il)-dong,월계동,1111051.0,1135056000
383,1135010200,서울특별시,노원구,월계2동,Wolgye 2(i)-dong,월계동,1111052.0,1135057000
384,1135010200,서울특별시,노원구,월계3동,Wolgye 3(sam)-dong,월계동,1111053.0,1135058000
385,1135010300,서울특별시,노원구,공릉1동,Gongneung 1(il)-dong,공릉동,1111079.0,1135059500
386,1135010300,서울특별시,노원구,공릉2동,Gongneung 2(i)-dong,공릉동,1111056.0,1135060000
387,1135010400,서울특별시,노원구,하계1동,Hagye 1(il)-dong,하계동,1111058.0,1135061100
388,1135010400,서울특별시,노원구,하계2동,Hagye 2(i)-dong,하계동,1111059.0,1135061200
389,1135010600,서울특별시,노원구,중계본동,Junggyebon-dong,중계동,1111060.0,1135061900
390,1135010600,서울특별시,노원구,중계1동,Junggye 1(il)-dong,중계동,1111061.0,1135062100
391,1135010600,서울특별시,노원구,중계4동,Junggye 4(sa)-dong,중계동,1111064.0,1135062400
392,1135010600,서울특별시,노원구,중계2·3동,Junggye 2·3(i·sam)-dong,중계동,1111078.0,1135062500
393,1135010500,서울특별시,노원구,상계1동,Sanggye 1(il)-dong,상계동,1111065.0,1135063000
394,1135010500,서울특별시,노원구,상계2동,Sanggye 2(i)-dong,상계동,1111066.0,1135064000
395,1135010500,서울특별시,노원구,상계3·4동,Sanggye 3·4(sam·sa)-dong,상계동,1111076.0,1135066500
396,1135010500,서울특별시,노원구,상계5동,Sanggye 5(o)-dong,상계동,1111069.0,1135067000
397,1135010500,서울특별시,노원구,상계6·7동,Sanggye 6·7(yuk·chil)-dong,상계동,1111077.0,1135069500
398,1135010500,서울특별시,노원구,상계8동,Sanggye 8(pal)-dong,상계동,1111072.0,1135070000
399,1135010500,서울특별시,노원구,상계9동,Sanggye 9(gu)-dong,상계동,1111073.0,1135071000
400,1135010500,서울특별시,노원구,상계10동,Sanggye 10(sip)-dong,상계동,1111074.0,1135072000
401,1138000000,서울특별시,은평구,은평구,Eunpyeong-gu,은평구,11120.0,1138000000
402,1138010200,서울특별시,은평구,녹번동,Nokbeon-dong,녹번동,1112051.0,1138051000
403,1138010300,서울특별시,은평구,불광제1동,Bulgwang 1(il)-dong,불광동,1112052.0,1138052000
404,1138010300,서울특별시,은평구,불광제2동,Bulgwang 2(i)-dong,불광동,1112072.0,1138053000
405,1138010400,서울특별시,은평구,갈현제1동,Galhyeon 1(il)-dong,갈현동,1112055.0,1138055100
406,1138010400,서울특별시,은평구,갈현제2동,Galhyeon 2(i)-dong,갈현동,1112056.0,1138055200
407,1138010500,서울특별시,은평구,구산동,Gusan-dong,구산동,1112057.0,1138056000
408,1138010600,서울특별시,은평구,대조동,Daejo-dong,대조동,1112058.0,1138057000
409,1138010700,서울특별시,은평구,응암제1동,Eungam 1(il)-dong,응암동,1112059.0,1138058000
410,1138010700,서울특별시,은평구,응암제2동,Eungam 2(i)-dong,응암동,1112060.0,1138059000
411,1138010700,서울특별시,은평구,응암제3동,Eungam 3(sam)-dong,응암동,1112073.0,1138060000
412,1138010800,서울특별시,은평구,역촌동,Yeokchon-dong,역촌동,1112074.0,1138062500
413,1138010900,서울특별시,은평구,신사제1동,Sinsa 1(il)-dong,신사동,1112065.0,1138063100
414,1138010900,서울특별시,은평구,신사제2동,Sinsa 2(i)-dong,신사동,1112066.0,1138063200
415,1138011000,서울특별시,은평구,증산동,Jeungsan-dong,증산동,1112067.0,1138064000
416,1138010100,서울특별시,은평구,수색동,Susaek-dong,수색동,1112068.0,1138065000
417,1138011400,서울특별시,은평구,진관동,Jingwan-dong,진관동,1112071.0,1138069000
418,1141000000,서울특별시,서대문구,서대문구,Seodaemun-gu,서대문구,11130.0,1141000000
419,1141010500,서울특별시,서대문구,천연동,Cheonyeon-dong,냉천동,1113052.0,1141052000
420,1141010600,서울특별시,서대문구,천연동,Cheonyeon-dong,천연동,1113052.0,1141052000
421,1141010700,서울특별시,서대문구,천연동,Cheonyeon-dong,옥천동,1113052.0,1141052000
422,1141010800,서울특별시,서대문구,천연동,Cheonyeon-dong,영천동,1113052.0,1141052000
423,1141010900,서울특별시,서대문구,천연동,Cheonyeon-dong,현저동,1113052.0,1141052000
424,1141011000,서울특별시,서대문구,북아현동,Bugahyeon-dong,북아현동,1113074.0,1141055500
425,1141010100,서울특별시,서대문구,충현동,Chunghyeon-dong,충정로2가,1113073.0,1141056500
426,1141010200,서울특별시,서대문구,충현동,Chunghyeon-dong,충정로3가,1113073.0,1141056500
427,1141010300,서울특별시,서대문구,충현동,Chunghyeon-dong,합동,1113073.0,1141056500
428,1141010400,서울특별시,서대문구,충현동,Chunghyeon-dong,미근동,1113073.0,1141056500
429,1141011000,서울특별시,서대문구,충현동,Chunghyeon-dong,북아현동,1113073.0,1141056500
430,1141011200,서울특별시,서대문구,신촌동,Sinchon-dong,대현동,1113075.0,1141058500
431,1141011300,서울특별시,서대문구,신촌동,Sinchon-dong,대신동,1113075.0,1141058500
432,1141011400,서울특별시,서대문구,신촌동,Sinchon-dong,신촌동,1113075.0,1141058500
433,1141011500,서울특별시,서대문구,신촌동,Sinchon-dong,봉원동,1113075.0,1141058500
434,1141011600,서울특별시,서대문구,신촌동,Sinchon-dong,창천동,1113075.0,1141058500
435,1141011700,서울특별시,서대문구,연희동,Yeonhui-dong,연희동,1113076.0,1141061500
436,1141011100,서울특별시,서대문구,홍제제1동,Hongje 1(il)-dong,홍제동,1113062.0,1141062000
437,1141011100,서울특별시,서대문구,홍제제3동,Hongje 3(sam)-dong,홍제동,1113064.0,1141064000
438,1141011100,서울특별시,서대문구,홍제제2동,Hongje 2(i)-dong,홍제동,1113065.0,1141065500
439,1141011800,서울특별시,서대문구,홍은제1동,Hongeun 1(il)-dong,홍은동,1113066.0,1141066000
440,1141011800,서울특별시,서대문구,홍은제2동,Hongeun 2(i)-dong,홍은동,1113068.0,1141068500
441,1141012000,서울특별시,서대문구,남가좌제1동,Namgajwa 1(il)-dong,남가좌동,1113069.0,1141069000
442,1141012000,서울특별시,서대문구,남가좌제2동,Namgajwa 2(i)-dong,남가좌동,1113070.0,1141070000
443,1141011900,서울특별시,서대문구,북가좌제1동,Bukgajwa 1(il)-dong,북가좌동,1113071.0,1141071000
444,1141011900,서울특별시,서대문구,북가좌제2동,Bukgajwa 2(i)-dong,북가좌동,1113072.0,1141072000
445,1144000000,서울특별시,마포구,마포구,Mapo-gu,마포구,11140.0,1144000000
446,1144010100,서울특별시,마포구,아현동,Ahyeon-dong,아현동,1114078.0,1144055500
447,1144010200,서울특별시,마포구,아현동,Ahyeon-dong,공덕동,1114078.0,1144055500
448,1144010900,서울특별시,마포구,아현동,Ahyeon-dong,염리동,1114078.0,1144055500
449,1144010100,서울특별시,마포구,공덕동,gongdeok-dong,아현동,1114077.0,1144056500
450,1144010200,서울특별시,마포구,공덕동,gongdeok-dong,공덕동,1114077.0,1144056500
451,1144010300,서울특별시,마포구,공덕동,gongdeok-dong,신공덕동,1114077.0,1144056500
452,1144010400,서울특별시,마포구,공덕동,gongdeok-dong,도화동,1114077.0,1144056500
453,1144010400,서울특별시,마포구,도화동,Dohwa-dong,도화동,1114075.0,1144058500
454,1144010700,서울특별시,마포구,도화동,Dohwa-dong,마포동,1114075.0,1144058500
455,1144010400,서울특별시,마포구,용강동,Yonggang-dong,도화동,1114059.0,1144059000
456,1144010500,서울특별시,마포구,용강동,Yonggang-dong,용강동,1114059.0,1144059000
457,1144010600,서울특별시,마포구,용강동,Yonggang-dong,토정동,1114059.0,1144059000
458,1144010700,서울특별시,마포구,용강동,Yonggang-dong,마포동,1114059.0,1144059000
459,1144010800,서울특별시,마포구,용강동,Yonggang-dong,대흥동,1114059.0,1144059000
460,1144010900,서울특별시,마포구,용강동,Yonggang-dong,염리동,1114059.0,1144059000
461,1144010800,서울특별시,마포구,대흥동,Daeheung-dong,대흥동,1114060.0,1144060000
462,1144011000,서울특별시,마포구,대흥동,Daeheung-dong,노고산동,1114060.0,1144060000
463,1144011100,서울특별시,마포구,대흥동,Daeheung-dong,신수동,1114060.0,1144060000
464,1144010200,서울특별시,마포구,염리동,Yeomni-dong,공덕동,1114061.0,1144061000
465,1144010900,서울특별시,마포구,염리동,Yeomni-dong,염리동,1114061.0,1144061000
466,1144010800,서울특별시,마포구,신수동,Sinsu-dong,대흥동,1114063.0,1144063000
467,1144011100,서울특별시,마포구,신수동,Sinsu-dong,신수동,1114063.0,1144063000
468,1144011200,서울특별시,마포구,신수동,Sinsu-dong,현석동,1114063.0,1144063000
469,1144011300,서울특별시,마포구,신수동,Sinsu-dong,구수동,1114063.0,1144063000
470,1144011700,서울특별시,마포구,신수동,Sinsu-dong,신정동,1114063.0,1144063000
471,1144011400,서울특별시,마포구,서강동,Seogang-dong,창전동,1114076.0,1144065500
472,1144011500,서울특별시,마포구,서강동,Seogang-dong,상수동,1114076.0,1144065500
473,1144011600,서울특별시,마포구,서강동,Seogang-dong,하중동,1114076.0,1144065500
474,1144011700,서울특별시,마포구,서강동,Seogang-dong,신정동,1114076.0,1144065500
475,1144011800,서울특별시,마포구,서강동,Seogang-dong,당인동,1114076.0,1144065500
476,1144011000,서울특별시,마포구,서교동,Seogyo-dong,노고산동,1114066.0,1144066000
477,1144012000,서울특별시,마포구,서교동,Seogyo-dong,서교동,1114066.0,1144066000
478,1144012100,서울특별시,마포구,서교동,Seogyo-dong,동교동,1114066.0,1144066000
479,1144012200,서울특별시,마포구,합정동,Hapjeong-dong,합정동,1114068.0,1144068000
480,1144012300,서울특별시,마포구,망원제1동,Mangwon 1(il)-dong,망원동,1114069.0,1144069000
481,1144012300,서울특별시,마포구,망원제2동,Mangwon 2(i)-dong,망원동,1114070.0,1144070000
482,1144012400,서울특별시,마포구,연남동,Yeonnam-dong,연남동,1114071.0,1144071000
483,1144012500,서울특별시,마포구,성산제1동,Seongsan 1(il)-dong,성산동,1114072.0,1144072000
484,1144012500,서울특별시,마포구,성산제2동,Seongsan 2(i)-dong,성산동,1114073.0,1144073000
485,1144012600,서울특별시,마포구,성산제2동,Seongsan 2(i)-dong,중동,1114073.0,1144073000
486,1144012700,서울특별시,마포구,상암동,Sangam-dong,상암동,1114074.0,1144074000
487,1147000000,서울특별시,양천구,양천구,Yangcheon-gu,양천구,11150.0,1147000000
488,1147010200,서울특별시,양천구,목1동,Mok 1(il)-dong,목동,1115051.0,1147051000
489,1147010200,서울특별시,양천구,목2동,Mok 2(i)-dong,목동,1115052.0,1147052000
490,1147010200,서울특별시,양천구,목3동,Mok 3(sam)-dong,목동,1115053.0,1147053000
491,1147010200,서울특별시,양천구,목4동,Mok 4(sa)-dong,목동,1115054.0,1147054000
492,1147010200,서울특별시,양천구,목5동,Mok 5(o)-dong,목동,1115071.0,1147055000
493,1147010300,서울특별시,양천구,신월1동,Sinwol 1(il)-dong,신월동,1115057.0,1147056000
494,1147010300,서울특별시,양천구,신월2동,Sinwol 2(i)-dong,신월동,1115058.0,1147057000
495,1147010300,서울특별시,양천구,신월3동,Sinwol 3(sam)-dong,신월동,1115059.0,1147058000
496,1147010300,서울특별시,양천구,신월4동,Sinwol 4(sa)-dong,신월동,1115060.0,1147059000
497,1147010300,서울특별시,양천구,신월5동,Sinwol 5(o)-dong,신월동,1115061.0,1147060000
498,1147010300,서울특별시,양천구,신월6동,Sinwol 6(yuk)-dong,신월동,1115062.0,1147061000
499,1147010300,서울특별시,양천구,신월7동,Sinwol 7(chil)-dong,신월동,1115063.0,1147061100
500,1147010100,서울특별시,양천구,신정1동,Sinjeong 1(il)-dong,신정동,1115064.0,1147062000
501,1147010100,서울특별시,양천구,신정2동,Sinjeong 2(i)-dong,신정동,1115065.0,1147063000
502,1147010100,서울특별시,양천구,신정3동,Sinjeong 3(sam)-dong,신정동,1115066.0,1147064000
503,1147010100,서울특별시,양천구,신정4동,Sinjeong 4(sa)-dong,신정동,1115072.0,1147065000
504,1147010100,서울특별시,양천구,신정6동,Sinjeong 6(yuk)-dong,신정동,1115069.0,1147067000
505,1147010100,서울특별시,양천구,신정7동,Sinjeong 7(chil)-dong,신정동,1115070.0,1147068000
506,1150000000,서울특별시,강서구,강서구,Gangseo-gu,강서구,11160.0,1150000000
507,1150010100,서울특별시,강서구,염창동,Yeomchang-dong,염창동,1116051.0,1150051000
508,1150010400,서울특별시,강서구,염창동,Yeomchang-dong,가양동,1116051.0,1150051000
509,1150010200,서울특별시,강서구,등촌제1동,Deungchon 1(il)-dong,등촌동,1116052.0,1150052000
510,1150010200,서울특별시,강서구,등촌제2동,Deungchon 2(i)-dong,등촌동,1116053.0,1150053000
511,1150010200,서울특별시,강서구,등촌제3동,Deungchon 3(sam)-dong,등촌동,1116054.0,1150053500
512,1150010300,서울특별시,강서구,화곡제1동,Hwagok 1(il)-dong,화곡동,1116073.0,1150054000
513,1150010300,서울특별시,강서구,화곡제2동,Hwagok 2(i)-dong,화곡동,1116057.0,1150055000
514,1150010300,서울특별시,강서구,화곡제3동,Hwagok 3(sam)-dong,화곡동,1116058.0,1150056000
515,1150010300,서울특별시,강서구,화곡제4동,Hwagok 4(sa)-dong,화곡동,1116059.0,1150057000
516,1150010300,서울특별시,강서구,화곡본동,Hwagokbon-dong,화곡동,1116055.0,1150059000
517,1150010300,서울특별시,강서구,화곡제6동,Hwagok 6(yuk)-dong,화곡동,1116061.0,1150059100
518,1150010300,서울특별시,강서구,화곡제8동,Hwagok 8(pal)-dong,화곡동,1116063.0,1150059300
519,1150010400,서울특별시,강서구,가양제1동,Gayang 1(il)-dong,가양동,1116064.0,1150060300
520,1150010500,서울특별시,강서구,가양제1동,Gayang 1(il)-dong,마곡동,1116064.0,1150060300
521,1150010400,서울특별시,강서구,가양제2동,Gayang 2(i)-dong,가양동,1116065.0,1150060400
522,1150010400,서울특별시,강서구,가양제3동,Gayang 3(sam)-dong,가양동,1116066.0,1150060500
523,1150010500,서울특별시,강서구,발산제1동,Balsan 1(il)-dong,마곡동,1116067.0,1150061100
524,1150010600,서울특별시,강서구,발산제1동,Balsan 1(il)-dong,내발산동,1116067.0,1150061100
525,1150010700,서울특별시,강서구,발산제1동,Balsan 1(il)-dong,외발산동,1116067.0,1150061100
526,1150010300,서울특별시,강서구,우장산동,Ujangsan-dong,화곡동,1116074.0,1150061500
527,1150010600,서울특별시,강서구,우장산동,Ujangsan-dong,내발산동,1116074.0,1150061500
528,1150010500,서울특별시,강서구,공항동,Gonghang-dong,마곡동,1116069.0,1150062000
529,1150010800,서울특별시,강서구,공항동,Gonghang-dong,공항동,1116069.0,1150062000
530,1150010900,서울특별시,강서구,공항동,Gonghang-dong,방화동,1116069.0,1150062000
531,1150011100,서울특별시,강서구,공항동,Gonghang-dong,과해동,1116069.0,1150062000
532,1150011200,서울특별시,강서구,공항동,Gonghang-dong,오곡동,1116069.0,1150062000
533,1150011300,서울특별시,강서구,공항동,Gonghang-dong,오쇠동,1116069.0,1150062000
534,1150010500,서울특별시,강서구,방화제1동,Banghwa 1(il)-dong,마곡동,1116070.0,1150063000
535,1150010800,서울특별시,강서구,방화제1동,Banghwa 1(il)-dong,공항동,1116070.0,1150063000
536,1150010900,서울특별시,강서구,방화제1동,Banghwa 1(il)-dong,방화동,1116070.0,1150063000
537,1150010900,서울특별시,강서구,방화제2동,Banghwa 2(i)-dong,방화동,1116071.0,1150064000
538,1150011000,서울특별시,강서구,방화제2동,Banghwa 2(i)-dong,개화동,1116071.0,1150064000
539,1150010900,서울특별시,강서구,방화제3동,Banghwa 3(sam)-dong,방화동,1116072.0,1150064100
540,1153000000,서울특별시,구로구,구로구,Guro-gu,구로구,11170.0,1153000000
541,1153010100,서울특별시,구로구,신도림동,Sindorim-dong,신도림동,1117051.0,1153051000
542,1153010200,서울특별시,구로구,구로제1동,Guro 1(il)-dong,구로동,1117052.0,1153052000
543,1153010200,서울특별시,구로구,구로제2동,Guro 2(i)-dong,구로동,1117071.0,1153053000
544,1153010200,서울특별시,구로구,구로제3동,Guro 3(sam)-dong,구로동,1117054.0,1153054000
545,1153010200,서울특별시,구로구,구로제4동,Guro 4(sa)-dong,구로동,1117055.0,1153055000
546,1153010200,서울특별시,구로구,구로제5동,Guro 5(o)-dong,구로동,1117056.0,1153056000
547,1153010300,서울특별시,구로구,가리봉동,Garibong-dong,가리봉동,1117070.0,1153059500
548,1153010600,서울특별시,구로구,고척제1동,Gocheok 1(il)-dong,고척동,1117061.0,1153072000
549,1153010600,서울특별시,구로구,고척제2동,Gocheok 2(i)-dong,고척동,1117062.0,1153073000
550,1153010700,서울특별시,구로구,개봉제1동,Gaebong 1(il)-dong,개봉동,1117072.0,1153074000
551,1153010700,서울특별시,구로구,개봉제2동,Gaebong 2(i)-dong,개봉동,1117064.0,1153075000
552,1153010700,서울특별시,구로구,개봉제3동,Gaebong 3(sam)-dong,개봉동,1117065.0,1153076000
553,1153010800,서울특별시,구로구,오류1동,Oryu 1(il)-dong,오류동,1117067.0,1153077000
554,1153010800,서울특별시,구로구,오류2동,Oryu 2(i)-dong,오류동,1117073.0,1153078000
555,1153011100,서울특별시,구로구,오류2동,Oryu 2(i)-dong,천왕동,1117073.0,1153078000
556,1153011200,서울특별시,구로구,항동,Hang-dong,항동,1117074.0,1153080000
557,1153010900,서울특별시,구로구,수궁동,Sugung-dong,궁동,1117069.0,1153079000
558,1153011000,서울특별시,구로구,수궁동,Sugung-dong,온수동,1117069.0,1153079000
559,1154500000,서울특별시,금천구,금천구,Geumcheon-gu,금천구,11180.0,1154500000
560,1154510100,서울특별시,금천구,가산동,Gasan-dong,가산동,1118051.0,1154551000
561,1154510200,서울특별시,금천구,독산제1동,Doksan 1(il)-dong,독산동,1118052.0,1154561000
562,1154510200,서울특별시,금천구,독산제2동,Doksan 2(i)-dong,독산동,1118053.0,1154562000
563,1154510200,서울특별시,금천구,독산제3동,Doksan 3(sam)-dong,독산동,1118054.0,1154563000
564,1154510200,서울특별시,금천구,독산제4동,Doksan 4(sa)-dong,독산동,1118055.0,1154564000
565,1154510300,서울특별시,금천구,시흥제1동,Siheung 1(il)-dong,시흥동,1118057.0,1154567000
566,1154510300,서울특별시,금천구,시흥제2동,Siheung 2(i)-dong,시흥동,1118058.0,1154568000
567,1154510300,서울특별시,금천구,시흥제3동,Siheung 3(sam)-dong,시흥동,1118059.0,1154569000
568,1154510300,서울특별시,금천구,시흥제4동,Siheung 4(sa)-dong,시흥동,1118060.0,1154570000
569,1154510300,서울특별시,금천구,시흥제5동,Siheung 5(o)-dong,시흥동,1118061.0,1154571000
570,1156000000,서울특별시,영등포구,영등포구,Yeongdeungpo-gu,영등포구,11190.0,1156000000
571,1156010100,서울특별시,영등포구,영등포본동,Yeongdeungpobon-dong,영등포동,1119073.0,1156051500
572,1156013200,서울특별시,영등포구,영등포본동,Yeongdeungpobon-dong,신길동,1119073.0,1156051500
573,1156010100,서울특별시,영등포구,영등포동,Yeongdeungpo-dong,영등포동,1119074.0,1156053500
574,1156010200,서울특별시,영등포구,영등포동,Yeongdeungpo-dong,영등포동1가,1119074.0,1156053500
575,1156010300,서울특별시,영등포구,영등포동,Yeongdeungpo-dong,영등포동2가,1119074.0,1156053500
576,1156010400,서울특별시,영등포구,영등포동,Yeongdeungpo-dong,영등포동3가,1119074.0,1156053500
577,1156010500,서울특별시,영등포구,영등포동,Yeongdeungpo-dong,영등포동4가,1119074.0,1156053500
578,1156010600,서울특별시,영등포구,영등포동,Yeongdeungpo-dong,영등포동5가,1119074.0,1156053500
579,1156010700,서울특별시,영등포구,영등포동,Yeongdeungpo-dong,영등포동6가,1119074.0,1156053500
580,1156010800,서울특별시,영등포구,영등포동,Yeongdeungpo-dong,영등포동7가,1119074.0,1156053500
581,1156010900,서울특별시,영등포구,영등포동,Yeongdeungpo-dong,영등포동8가,1119074.0,1156053500
582,1156011000,서울특별시,영등포구,여의동,Yeoui-dong,여의도동,1119054.0,1156054000
583,1156011100,서울특별시,영등포구,당산제1동,Dangsan 1(il)-dong,당산동1가,1119055.0,1156055000
584,1156011200,서울특별시,영등포구,당산제1동,Dangsan 1(il)-dong,당산동2가,1119055.0,1156055000
585,1156011300,서울특별시,영등포구,당산제1동,Dangsan 1(il)-dong,당산동3가,1119055.0,1156055000
586,1156011400,서울특별시,영등포구,당산제2동,Dangsan  2(i)-dong,당산동4가,1119056.0,1156056000
587,1156011500,서울특별시,영등포구,당산제2동,Dangsan  2(i)-dong,당산동5가,1119056.0,1156056000
588,1156011600,서울특별시,영등포구,당산제2동,Dangsan  2(i)-dong,당산동6가,1119056.0,1156056000
589,1156011700,서울특별시,영등포구,당산제2동,Dangsan  2(i)-dong,당산동,1119056.0,1156056000
590,1156011800,서울특별시,영등포구,도림동,Dorim-dong,도림동,1119075.0,1156058500
591,1156011900,서울특별시,영등포구,문래동,Mullae-dong,문래동1가,1119076.0,1156060500
592,1156012000,서울특별시,영등포구,문래동,Mullae-dong,문래동2가,1119076.0,1156060500
593,1156012100,서울특별시,영등포구,문래동,Mullae-dong,문래동3가,1119076.0,1156060500
594,1156012200,서울특별시,영등포구,문래동,Mullae-dong,문래동4가,1119076.0,1156060500
595,1156012300,서울특별시,영등포구,문래동,Mullae-dong,문래동5가,1119076.0,1156060500
596,1156012400,서울특별시,영등포구,문래동,Mullae-dong,문래동6가,1119076.0,1156060500
597,1156012500,서울특별시,영등포구,양평제1동,Yangpyeong 1(il)-dong,양평동1가,1119061.0,1156061000
598,1156012600,서울특별시,영등포구,양평제1동,Yangpyeong 1(il)-dong,양평동2가,1119061.0,1156061000
599,1156012700,서울특별시,영등포구,양평제1동,Yangpyeong 1(il)-dong,양평동3가,1119061.0,1156061000
600,1156012700,서울특별시,영등포구,양평제2동,Yangpyeong 2(i)-dong,양평동3가,1119062.0,1156062000
601,1156012800,서울특별시,영등포구,양평제2동,Yangpyeong 2(i)-dong,양평동4가,1119062.0,1156062000
602,1156012900,서울특별시,영등포구,양평제2동,Yangpyeong 2(i)-dong,양평동5가,1119062.0,1156062000
603,1156013000,서울특별시,영등포구,양평제2동,Yangpyeong 2(i)-dong,양평동6가,1119062.0,1156062000
604,1156013100,서울특별시,영등포구,양평제2동,Yangpyeong 2(i)-dong,양화동,1119062.0,1156062000
605,1156013400,서울특별시,영등포구,양평제2동,Yangpyeong 2(i)-dong,양평동,1119062.0,1156062000
606,1156013200,서울특별시,영등포구,신길제1동,Singil 1(il)-dong,신길동,1119063.0,1156063000
607,1156013200,서울특별시,영등포구,신길제3동,Singil 3(sam)-dong,신길동,1119065.0,1156065000
608,1156013200,서울특별시,영등포구,신길제4동,Singil 4(sa)-dong,신길동,1119066.0,1156066000
609,1156013200,서울특별시,영등포구,신길제5동,Singil 5(o)-dong,신길동,1119067.0,1156067000
610,1156013300,서울특별시,영등포구,신길제5동,Singil 5(o)-dong,대림동,1119067.0,1156067000
611,1156013200,서울특별시,영등포구,신길제6동,Singil 6(yuk)-dong,신길동,1119068.0,1156068000
612,1156013200,서울특별시,영등포구,신길제7동,Singil 7(chil)-dong,신길동,1119069.0,1156069000
613,1156013300,서울특별시,영등포구,대림제1동,Daerim 1(il)-dong,대림동,1119070.0,1156070000
614,1156013300,서울특별시,영등포구,대림제2동,Daerim 2(i)-dong,대림동,1119071.0,1156071000
615,1156013300,서울특별시,영등포구,대림제3동,Daerim 3(sam)-dong,대림동,1119072.0,1156072000
616,1159000000,서울특별시,동작구,동작구,Dongjak-gu,동작구,11200.0,1159000000
617,1159010100,서울특별시,동작구,노량진제1동,Noryangjin 1(il)-dong,노량진동,1120072.0,1159051000
618,1159010400,서울특별시,동작구,노량진제1동,Noryangjin 1(il)-dong,본동,1120072.0,1159051000
619,1159010100,서울특별시,동작구,노량진제2동,Noryangjin 2(i)-dong,노량진동,1120052.0,1159052000
620,1159010200,서울특별시,동작구,상도제1동,Sangdo 1(il)-dong,상도동,1120053.0,1159053000
621,1159010300,서울특별시,동작구,상도제1동,Sangdo 1(il)-dong,상도1동,1120053.0,1159053000
622,1159010200,서울특별시,동작구,상도제2동,Sangdo 2(i)-dong,상도동,1120054.0,1159054000
623,1159010200,서울특별시,동작구,상도제3동,Sangdo 3(sam)-dong,상도동,1120055.0,1159055000
624,1159010200,서울특별시,동작구,상도제4동,Sangdo 4(sa)-dong,상도동,1120056.0,1159056000
625,1159010500,서울특별시,동작구,흑석동,Heukseok-dong,흑석동,1120071.0,1159060500
626,1159010700,서울특별시,동작구,사당제1동,Sadang 1(il)-dong,사당동,1120063.0,1159062000
627,1159010600,서울특별시,동작구,사당제2동,Sadang 2(i)-dong,동작동,1120073.0,1159063000
628,1159010700,서울특별시,동작구,사당제2동,Sadang 2(i)-dong,사당동,1120073.0,1159063000
629,1159010700,서울특별시,동작구,사당제3동,Sadang 3(sam)-dong,사당동,1120065.0,1159064000
630,1159010700,서울특별시,동작구,사당제4동,Sadang 4(sa)-dong,사당동,1120066.0,1159065000
631,1159010700,서울특별시,동작구,사당제5동,Sadang 5(o)-dong,사당동,1120067.0,1159065100
632,1159010800,서울특별시,동작구,대방동,Daebang-dong,대방동,1120068.0,1159066000
633,1159010900,서울특별시,동작구,신대방제1동,Sindaebang 1(il)-dong,신대방동,1120069.0,1159067000
634,1159010900,서울특별시,동작구,신대방제2동,Sindaebang 2(i)-dong,신대방동,1120070.0,1159068000
635,1162000000,서울특별시,관악구,관악구,Gwanak-gu,관악구,11210.0,1162000000
636,1162010100,서울특별시,관악구,보라매동,Boramae-dong,봉천동,1121052.0,1162052500
637,1162010100,서울특별시,관악구,청림동,Cheongnim-dong,봉천동,1121054.0,1162054500
638,1162010100,서울특별시,관악구,성현동,Seonghyeon-dong,봉천동,1121079.0,1162056500
639,1162010100,서울특별시,관악구,행운동,Haengun-dong,봉천동,1121057.0,1162057500
640,1162010100,서울특별시,관악구,낙성대동,Nagseongdae-dong,봉천동,1121058.0,1162058500
641,1162010100,서울특별시,관악구,청룡동,Cheongnyong-dong,봉천동,1121080.0,1162059500
642,1162010100,서울특별시,관악구,은천동,Euncheon-dong,봉천동,1121078.0,1162060500
643,1162010100,서울특별시,관악구,중앙동,Jungang-dong,봉천동,1121061.0,1162061500
644,1162010100,서울특별시,관악구,인헌동,Inheon-dong,봉천동,1121062.0,1162062500
645,1162010300,서울특별시,관악구,남현동,Namhyeon-dong,남현동,1121063.0,1162063000
646,1162010200,서울특별시,관악구,서원동,Sewon-dong,신림동,1121064.0,1162064500
647,1162010200,서울특별시,관악구,신원동,Sinwon-dong,신림동,1121065.0,1162065500
648,1162010200,서울특별시,관악구,서림동,Serim-dong,신림동,1121066.0,1162066500
649,1162010200,서울특별시,관악구,신사동,Sinsa-dong,신림동,1121068.0,1162068500
650,1162010200,서울특별시,관악구,신림동,Sillim-dong,신림동,1121069.0,1162069500
651,1162010200,서울특별시,관악구,난향동,Nanhyang-dong,신림동,1121071.0,1162071500
652,1162010200,서울특별시,관악구,조원동,Jowon-dong,신림동,1121072.0,1162072500
653,1162010200,서울특별시,관악구,대학동,Daehak-dong,신림동,1121073.0,1162073500
654,1162010200,서울특별시,관악구,삼성동,Samseong-dong,신림동,1121082.0,1162074500
655,1162010200,서울특별시,관악구,미성동,Miseong-dong,신림동,1121083.0,1162076500
656,1162010200,서울특별시,관악구,난곡동,Nangok-dong,신림동,1121081.0,1162077500
657,1165000000,서울특별시,서초구,서초구,Seocho-gu,서초구,11220.0,1165000000
658,1165010800,서울특별시,서초구,서초1동,Seocho 1(il)-dong,서초동,1122051.0,1165051000
659,1165010800,서울특별시,서초구,서초2동,Seocho 2(i)-dong,서초동,1122052.0,1165052000
660,1165010100,서울특별시,서초구,서초3동,Seocho 3(sam)-dong,방배동,1122053.0,1165053000
661,1165010800,서울특별시,서초구,서초3동,Seocho 3(sam)-dong,서초동,1122053.0,1165053000
662,1165010800,서울특별시,서초구,서초4동,Seocho 4(sa)-dong,서초동,1122054.0,1165053100
663,1165010600,서울특별시,서초구,잠원동,Jamwon-dong,잠원동,1122055.0,1165054000
664,1165010700,서울특별시,서초구,반포본동,Banpobon-dong,반포동,1122056.0,1165055000
665,1165010700,서울특별시,서초구,반포1동,Banpo 1(il)-dong,반포동,1122057.0,1165056000
666,1165010700,서울특별시,서초구,반포2동,Banpo 2(i)-dong,반포동,1122058.0,1165057000
667,1165010600,서울특별시,서초구,반포3동,Banpo 3(sam)-dong,잠원동,1122059.0,1165058000
668,1165010700,서울특별시,서초구,반포4동,Banpo 4(sa)-dong,반포동,1122060.0,1165058100
669,1165010100,서울특별시,서초구,방배본동,Bangbaebon-dong,방배동,1122061.0,1165059000
670,1165010100,서울특별시,서초구,방배1동,Bangbae 1(il)-dong,방배동,1122062.0,1165060000
671,1165010100,서울특별시,서초구,방배2동,Bangbae 2(i)-dong,방배동,1122063.0,1165061000
672,1165010100,서울특별시,서초구,방배3동,Bangbae 3(sam)-dong,방배동,1122064.0,1165062000
673,1165010100,서울특별시,서초구,방배4동,Bangbae 4(sa)-dong,방배동,1122065.0,1165062100
674,1165010200,서울특별시,서초구,양재1동,Yangjae 1(il)-dong,양재동,1122066.0,1165065100
675,1165010300,서울특별시,서초구,양재1동,Yangjae 1(il)-dong,우면동,1122066.0,1165065100
677,1165010200,서울특별시,서초구,양재2동,Yangjae 2(i)-dong,양재동,1122067.0,1165065200
678,1165010400,서울특별시,서초구,양재2동,Yangjae 2(i)-dong,원지동,1122067.0,1165065200
679,1165010900,서울특별시,서초구,내곡동,Naegok-dong,내곡동,1122068.0,1165066000
680,1165011000,서울특별시,서초구,내곡동,Naegok-dong,염곡동,1122068.0,1165066000
681,1165011100,서울특별시,서초구,내곡동,Naegok-dong,신원동,1122068.0,1165066000
682,1168000000,서울특별시,강남구,강남구,Gangnam-gu,강남구,11230.0,1168000000
683,1168010700,서울특별시,강남구,신사동,Sinsa-dong,신사동,1123051.0,1168051000
684,1168011000,서울특별시,강남구,신사동,Sinsa-dong,압구정동,1123051.0,1168051000
685,1168010800,서울특별시,강남구,논현1동,Nonhyeon 1(il)-dong,논현동,1123052.0,1168052100
686,1168010800,서울특별시,강남구,논현2동,Nonhyeon 2(i)-dong,논현동,1123053.0,1168053100
687,1168010700,서울특별시,강남구,압구정동,Apgujeong-dong,신사동,1123077.0,1168054500
688,1168011000,서울특별시,강남구,압구정동,Apgujeong-dong,압구정동,1123077.0,1168054500
689,1168010400,서울특별시,강남구,청담동,Cheongdam-dong,청담동,1123078.0,1168056500
690,1168010500,서울특별시,강남구,삼성1동,Samseong 1(il)-dong,삼성동,1123058.0,1168058000
691,1168010500,서울특별시,강남구,삼성2동,Samseong 2(i)-dong,삼성동,1123059.0,1168059000
692,1168010600,서울특별시,강남구,대치1동,Daechi 1(il)-dong,대치동,1123060.0,1168060000
693,1168010600,서울특별시,강남구,대치2동,Daechi 2(i)-dong,대치동,1123079.0,1168061000
694,1168010600,서울특별시,강남구,대치4동,Daechi 4(sa)-dong,대치동,1123063.0,1168063000
695,1168010100,서울특별시,강남구,역삼1동,Yeoksam 1(il)-dong,역삼동,1123064.0,1168064000
696,1168010100,서울특별시,강남구,역삼2동,Yeoksam 2(i)-dong,역삼동,1123065.0,1168065000
697,1168011800,서울특별시,강남구,도곡1동,Dogok 1(il)-dong,도곡동,1123066.0,1168065500
698,1168011800,서울특별시,강남구,도곡2동,Dogok 2(i)-dong,도곡동,1123067.0,1168065600
699,1168010300,서울특별시,강남구,개포1동,Gaepo 1(il)-dong,개포동,1123068.0,1168066000
700,1168010300,서울특별시,강남구,개포2동,Gaepo 2(i)-dong,개포동,1123080.0,1168067000
701,1168011400,서울특별시,강남구,개포2동,Gaepo 2(i)-dong,일원동,1123080.0,1168067000
702,1168010300,서울특별시,강남구,개포4동,Gaepo 4(sa)-dong,개포동,1123071.0,1168069000
703,1168011100,서울특별시,강남구,세곡동,Segok-dong,세곡동,1123076.0,1168070000
704,1168011200,서울특별시,강남구,세곡동,Segok-dong,자곡동,1123076.0,1168070000
705,1168011300,서울특별시,강남구,세곡동,Segok-dong,율현동,1123076.0,1168070000
706,1168011400,서울특별시,강남구,일원본동,Irwonbon-dong,일원동,1123072.0,1168072000
707,1168011500,서울특별시,강남구,일원본동,Irwonbon-dong,수서동,1123072.0,1168072000
708,1168011400,서울특별시,강남구,일원1동,Irwon 1(il)-dong,일원동,1123073.0,1168073000
709,1168011500,서울특별시,강남구,일원1동,Irwon 1(il)-dong,수서동,1123073.0,1168073000
710,1168010300,서울특별시,강남구,일원2동,Irwon 2(i)-dong,개포동,1123074.0,1168074000
711,1168010600,서울특별시,강남구,일원2동,Irwon 2(i)-dong,대치동,1123074.0,1168074000
712,1168011400,서울특별시,강남구,일원2동,Irwon 2(i)-dong,일원동,1123074.0,1168074000
713,1168011500,서울특별시,강남구,수서동,Suseo-dong,수서동,1123075.0,1168075000
714,1171000000,서울특별시,송파구,송파구,Songpa-gu,송파구,11240.0,1171000000
715,1171010300,서울특별시,송파구,풍납1동,Pungnap 1(il)-dong,풍납동,1124051.0,1171051000
716,1171010300,서울특별시,송파구,풍납2동,Pungnap 2(i)-dong,풍납동,1124052.0,1171052000
717,1171011300,서울특별시,송파구,거여1동,Geoyeo 1(il)-dong,거여동,1124053.0,1171053100
718,1171011300,서울특별시,송파구,거여2동,Geoyeo 2(i)-dong,거여동,1124054.0,1171053200
719,1171011400,서울특별시,송파구,마천1동,Macheon 1(il)-dong,마천동,1124055.0,1171054000
720,1171011400,서울특별시,송파구,마천2동,Macheon 2(i)-dong,마천동,1124056.0,1171055000
721,1171011100,서울특별시,송파구,방이1동,Bangi 1(il)-dong,방이동,1124057.0,1171056100
722,1171011100,서울특별시,송파구,방이2동,Bangi 2(i)-dong,방이동,1124058.0,1171056200
723,1171011100,서울특별시,송파구,오륜동,Oryun-dong,방이동,1124059.0,1171056600
724,1171011200,서울특별시,송파구,오금동,Ogeum-dong,오금동,1124060.0,1171057000
725,1171010400,서울특별시,송파구,송파1동,Songpa 1(il)-dong,송파동,1124061.0,1171058000
726,1171010400,서울특별시,송파구,송파2동,Songpa 2(i)-dong,송파동,1124062.0,1171059000
727,1171010500,서울특별시,송파구,석촌동,Seokchon-dong,석촌동,1124063.0,1171060000
728,1171010600,서울특별시,송파구,삼전동,Samjeon-dong,삼전동,1124064.0,1171061000
729,1171010700,서울특별시,송파구,가락본동,Garakbon-dong,가락동,1124065.0,1171062000
730,1171010700,서울특별시,송파구,가락1동,Garak 1(il)-dong,가락동,1124066.0,1171063100
731,1171010700,서울특별시,송파구,가락2동,Garak 2(i)-dong,가락동,1124067.0,1171063200
732,1171010800,서울특별시,송파구,문정1동,Munjeong 1(il)-dong,문정동,1124068.0,1171064100
733,1171010800,서울특별시,송파구,문정2동,Munjeong 2(i)-dong,문정동,1124069.0,1171064200
734,1171010900,서울특별시,송파구,문정2동,Munjeong 2(i)-dong,장지동,1124069.0,1171064200
735,1171010800,서울특별시,송파구,장지동,Jangji-dong,문정동,1124081.0,1171064600
736,1171010900,서울특별시,송파구,장지동,Jangji-dong,장지동,1124081.0,1171064600
737,1171010900,서울특별시,송파구,위례동,wirye-dong,장지동,1124082.0,1171064700
738,1171011300,서울특별시,송파구,위례동,wirye-dong,거여동,1124082.0,1171064700
739,1171010100,서울특별시,송파구,잠실본동,Jamsilbon-dong,잠실동,1124071.0,1171065000
740,1171010100,서울특별시,송파구,잠실2동,Jamsil 2(i)-dong,잠실동,1124079.0,1171067000
741,1171010100,서울특별시,송파구,잠실3동,Jamsil 3(sam)-dong,잠실동,1124080.0,1171068000
742,1171010200,서울특별시,송파구,잠실4동,Jamsil 4(sa)-dong,신천동,1124075.0,1171069000
743,1171010200,서울특별시,송파구,잠실6동,Jamsil 6(yuk)-dong,신천동,1124077.0,1171071000
744,1171010100,서울특별시,송파구,잠실7동,Jamsil 7(chil)-dong,잠실동,1124078.0,1171072000
745,1174000000,서울특별시,강동구,강동구,Gangdong-gu,강동구,11250.0,1174000000
746,1174010300,서울특별시,강동구,강일동,Gangil-dong,상일동,1125051.0,1174051500
747,1174011000,서울특별시,강동구,강일동,Gangil-dong,강일동,1125051.0,1174051500
748,1174010300,서울특별시,강동구,상일동,Sangil-dong,상일동,1125052.0,1174052000
749,1174010100,서울특별시,강동구,명일제1동,Myeongil 1(il)-dong,명일동,1125053.0,1174053000
750,1174010100,서울특별시,강동구,명일제2동,Myeongil 2(i)-dong,명일동,1125054.0,1174054000
751,1174010200,서울특별시,강동구,고덕제1동,Godeok 1(il)-dong,고덕동,1125055.0,1174055000
752,1174010200,서울특별시,강동구,고덕제2동,Godeok 2(i)-dong,고덕동,1125056.0,1174056000
753,1174010700,서울특별시,강동구,암사제1동,Amsa 1(il)-dong,암사동,1125072.0,1174057000
754,1174010700,서울특별시,강동구,암사제2동,Amsa 2(i)-dong,암사동,1125058.0,1174058000
755,1174010700,서울특별시,강동구,암사제3동,Amsa 3(sam)-dong,암사동,1125059.0,1174059000
756,1174010900,서울특별시,강동구,천호제1동,Cheonho 1(il)-dong,천호동,1125061.0,1174060000
757,1174010900,서울특별시,강동구,천호제2동,Cheonho 2(i)-dong,천호동,1125073.0,1174061000
758,1174010900,서울특별시,강동구,천호제3동,Cheonho 3(sam)-dong,천호동,1125063.0,1174062000
759,1174010800,서울특별시,강동구,성내제1동,Seongnae 1(il)-dong,성내동,1125065.0,1174064000
760,1174010800,서울특별시,강동구,성내제2동,Seongnae 2(i)-dong,성내동,1125066.0,1174065000
761,1174010800,서울특별시,강동구,성내제3동,Seongnae 3(sam)-dong,성내동,1125067.0,1174066000
762,1174010500,서울특별시,강동구,길동,Gil-dong,길동,1125074.0,1174068500
763,1174010600,서울특별시,강동구,둔촌제1동,Dunchon 1(il)-dong,둔촌동,1125070.0,1174069000
764,1174010600,서울특별시,강동구,둔촌제2동,Dunchon 2(i)-dong,둔촌동,1125071.0,1174070000
